,explained_variance,mean_squared_log_error,r2,MAE,MSE,RMSE,count_datapoints
ensemble,0.9981,0.1948,0.9979896545290518,114049.91176470589,35721860727.382355,189002.27704285036,34.0
divide by two,0.9766,10.0475,0.9296367148789945,915376.4054054054,1254926748656.6758,1120235.130968796,37.0
