,explained_variance,mean_squared_log_error,r2,MAE,MSE,RMSE,count_datapoints
ensemble,0.9988,0.2135,0.9984676552920739,99010.67741935483,22191402782.548386,148967.7910910556,31.0
divide by two,0.9713,10.9341,0.9055632427767576,972148.4705882353,1358532129073.5293,1165560.8645941787,34.0
