,explained_variance,mean_squared_log_error,r2,MAE,MSE,RMSE,count_datapoints
ensemble,0.9978,0.2442,0.9974442784841495,92583.96296296296,21899868133.51852,147986.04033326427,27.0
divide by two,0.9487,12.3911,0.8207375758028421,1038356.4666666667,1510065132728.1333,1228847.0745898911,30.0
