,explained_variance,mean_squared_log_error,r2,MAE,MSE,RMSE,count_datapoints
ensemble,0.995,0.0167,0.9940709816427898,20391.647058823528,1301369164.235294,36074.49464975628,17.0
divide by two,-0.07,1.6806,-1.4195216386413763,544256.5882352941,531064446595.7647,728741.6871537985,17.0
