,explained_variance,mean_squared_log_error,r2,MAE,MSE,RMSE,count_datapoints
ensemble,0.9957,0.0147,0.9943017116467615,36634.75,4059629622.15,63715.22284470172,20.0
divide by two,0.4502,1.4762,-0.2942541356462276,728255.15,922065031102.45,960242.1731534447,20.0
