,explained_variance,mean_squared_log_error,r2,MAE,MSE,RMSE,count_datapoints
ensemble,0.9968,0.2666,0.9964966572689314,90591.92,20681723859.28,143811.4176944237,25.0
divide by two,0.9191,13.284,0.7357159870849836,1029612.2857142857,1527813635925.3572,1236047.5864323983,28.0
