,explained_variance,mean_squared_log_error,r2,MAE,MSE,RMSE,count_datapoints
ensemble,0.9988,0.1947,0.9986116999560173,104031.9705882353,24668725617.382355,157062.80787437348,34.0
divide by two,0.9766,10.0475,0.9296367148789945,915376.4054054054,1254926748656.6758,1120235.130968796,37.0
