,explained_variance,mean_squared_log_error,r2,MAE,MSE,RMSE,count_datapoints
ensemble,0.9908,0.0181,0.9907483806107874,18625.6875,947867013.6875,30787.4489636199,16.0
divide by two,-0.1044,1.7918,-2.197717977381706,463112.375,327619550948.0,572380.5997306338,16.0
