,explained_variance,mean_squared_log_error,r2,MAE,MSE,RMSE,count_datapoints
ensemble,0.9986,0.2206,0.9982667313238057,99915.53333333334,22753817530.2,150843.68574852578,30.0
divide by two,0.9682,11.2654,0.8925586215116108,991817.7575757576,1396592769686.0,1181775.261919964,33.0
