,explained_variance,mean_squared_log_error,r2,MAE,MSE,RMSE,count_datapoints
ensemble,0.9989,0.1838,0.998886553976417,101756.27777777778,21564997093.944443,146850.25397984317,36.0
divide by two,0.9784,9.5327,0.9382848434082711,885670.8974358974,1207851301101.205,1099022.8847031372,39.0
