,explained_variance,mean_squared_log_error,r2,MAE,MSE,RMSE,count_datapoints
ensemble,0.998,0.2364,0.9976019556526269,99376.21428571429,24144381875.285713,155384.62560783068,28.0
divide by two,0.9579,11.9921,0.8512946528109512,1028297.0,1475038285822.0322,1214511.5420703222,31.0
