,explained_variance,mean_squared_log_error,r2,MAE,MSE,RMSE,count_datapoints
ensemble,0.9944,0.0213,0.9931351141973795,11709.538461538461,367750063.84615386,19176.810575435997,13.0
divide by two,0.7144,1.9927,-0.8995918395365576,294044.76923076925,101760617781.07692,318999.4009102163,13.0
