,explained_variance,mean_squared_log_error,r2,MAE,MSE,RMSE,count_datapoints
ensemble,0.9968,0.1591,0.9926949595268962,332279.756097561,181246281614.92682,425730.29210396437,41.0
divide by two,0.9779,5.5724,0.9675739190496002,731601.2727272727,824854643862.6818,908215.0867843375,44.0
