,explained_variance,mean_squared_log_error,r2,MAE,MSE,RMSE,count_datapoints
ensemble,0.9988,0.1655,0.9988323136245426,114587.15,25319710029.05,159121.68308891784,40.0
divide by two,0.9809,8.5989,0.9504565508698963,821518.2093023256,1099122579000.721,1048390.4706743194,43.0
