,explained_variance,mean_squared_log_error,r2,MAE,MSE,RMSE,count_datapoints
ensemble,0.996,0.0198,0.9951742212329757,11161.857142857143,342649185.28571427,18510.78564744658,14.0
divide by two,0.4873,1.9426,-1.307461376887821,356985.0,163838791424.0,404770.047587516,14.0
