,explained_variance,mean_squared_log_error,r2,MAE,MSE,RMSE,count_datapoints
ensemble,0.9988,0.2135,0.9984676457127538,99007.90322580645,22191429391.64516,148967.88040260613,31.0
divide by two,0.9713,10.9341,0.9055619799307685,972156.0588235294,1358543511175.0588,1165565.7472554084,34.0
