,explained_variance,mean_squared_log_error,r2,MAE,MSE,RMSE,count_datapoints
ensemble,0.9972,0.1517,0.9934049165381401,322712.18604651163,168240313713.86047,410171.07859265315,43.0
divide by two,0.9784,5.3663,0.9695793091133549,716574.9782608695,799932481199.1522,894389.446046381,46.0
