,explained_variance,mean_squared_log_error,r2,MAE,MSE,RMSE,count_datapoints
ensemble,0.9965,0.0457,0.9904981232701211,402874.86666666664,249304191521.97778,499303.70669761486,45.0
divide by two,0.9804,1.4964,0.9751994039870594,673057.0208333334,675135735616.7709,821666.4381710931,48.0
