,explained_variance,mean_squared_log_error,r2,MAE,MSE,RMSE,count_datapoints
ensemble,0.9914,0.2925,0.9907478370785987,73810.9,14364482377.3,119851.91853825285,20.0
divide by two,0.714,16.1677,0.20789708866686696,878563.4347826086,1208048201986.652,1099112.4610278294,23.0
