,explained_variance,mean_squared_log_error,r2,MAE,MSE,RMSE,count_datapoints
ensemble,0.9957,0.0147,0.9943017116467615,36634.75,4059629622.15,63715.22284470172,20.0
divide by two,0.4445,1.4766,-0.3040654145274162,730266.8,929054877159.4,963874.9281724263,20.0
