,explained_variance,mean_squared_log_error,r2,MAE,MSE,RMSE,count_datapoints
ensemble,0.9965,0.2785,0.9965061551996497,83538.79166666667,16320778332.708334,127752.80166285331,24.0
divide by two,0.8913,13.7827,0.6611338021390366,1025445.8888888889,1548399220781.889,1244346.9053209755,27.0
