,explained_variance,mean_squared_log_error,r2,MAE,MSE,RMSE,count_datapoints
ensemble,0.9987,0.1742,0.9987383461296175,113612.3947368421,26073950250.92105,161474.30213789764,38.0
divide by two,0.9798,9.0677,0.945244361121549,852134.3414634146,1150859076393.4146,1072781.0011336957,41.0
