,explained_variance,mean_squared_log_error,r2,MAE,MSE,RMSE,count_datapoints
ensemble,0.9958,0.3039,0.9954933029077118,71075.72727272728,13369196814.363636,115625.24298077663,22.0
divide by two,0.8426,14.8799,0.5325333956179508,947128.72,1352414376475.68,1162933.521950279,25.0
