,explained_variance,mean_squared_log_error,r2,MAE,MSE,RMSE,count_datapoints
ensemble,0.9988,0.1742,0.9988088291909147,110851.47368421052,24617313151.842106,156899.05401831493,38.0
divide by two,0.9798,9.0677,0.945244361121549,852134.3414634146,1150859076393.4146,1072781.0011336957,41.0
