,explained_variance,mean_squared_log_error,r2,MAE,MSE,RMSE,count_datapoints
ensemble,0.9915,0.0146,0.9892451731168975,54284.380952380954,11765102246.285715,108467.05604138851,21.0
divide by two,0.5925,1.4209,0.021053351929902542,790645.0,1070905885644.619,1034845.8269929,21.0
