,explained_variance,mean_squared_log_error,r2,MAE,MSE,RMSE,count_datapoints
ensemble,0.9964,0.2907,0.9963020204538796,75745.13043478261,13973717155.043478,118210.47819480082,23.0
divide by two,0.8706,14.3106,0.6062275022840832,987590.9230769231,1452544918838.5386,1205215.7146496798,26.0
