,explained_variance,mean_squared_log_error,r2,MAE,MSE,RMSE,count_datapoints
ensemble,0.9953,0.0244,0.994683060258801,8099.363636363636,145151180.8181818,12047.870385183509,11.0
divide by two,0.6663,2.2948,-1.7492882875772522,256796.9090909091,75054911429.45454,273961.5145042357,11.0
