,explained_variance,mean_squared_log_error,r2,MAE,MSE,RMSE,count_datapoints
ensemble,0.995,0.0168,0.9940619485187189,20388.470588235294,1303351858.235294,36101.964742037155,17.0
divide by two,-0.07,1.6806,-1.4195216386413763,544256.5882352941,531064446595.7647,728741.6871537985,17.0
