,explained_variance,mean_squared_log_error,r2,MAE,MSE,RMSE,count_datapoints
ensemble,0.9946,0.0153,0.9932042419502244,31299.105263157893,3270804226.263158,57190.94531709681,19.0
divide by two,0.2559,1.5429,-0.6941409871252615,676204.1052631579,815391522180.2106,902990.3223070614,19.0
