,explained_variance,mean_squared_log_error,r2,MAE,MSE,RMSE,count_datapoints
ensemble,0.9967,0.0186,0.9958192017690211,13479.6,460431318.53333336,21457.663398733177,15.0
divide by two,0.1713,1.8256,-1.2882390810073256,400924.13333333336,252003775111.86667,501999.77600778535,15.0
