,explained_variance,mean_squared_log_error,r2,MAE,MSE,RMSE,count_datapoints
ensemble,0.9981,0.2364,0.9977420319215504,96222.89285714286,22734043099.75,150778.12540202905,28.0
divide by two,0.9579,11.9921,0.8512946528109513,1028297.0,1475038285822.0322,1214511.5420703222,31.0
