,explained_variance,mean_squared_log_error,r2,MAE,MSE,RMSE,count_datapoints
ensemble,0.9957,0.0147,0.9943017116467615,36634.75,4059629622.15,63715.22284470172,20.0
divide by two,0.3914,1.4857,-0.3983530750697859,750107.6,996228202904.4,998112.3197839009,20.0
