,explained_variance,mean_squared_log_error,r2,MAE,MSE,RMSE,count_datapoints
ensemble,0.9966,0.0158,0.9957834354389616,21712.722222222223,1338232642.6111112,36581.86220808218,18.0
divide by two,0.0349,1.612,-1.1558291584038365,614752.3333333334,684206516918.2222,827167.7683023089,18.0
