,explained_variance,mean_squared_log_error,r2,MAE,MSE,RMSE,count_datapoints
ensemble,0.9989,0.2068,0.998631994073115,96094.1875,21498930710.875,146625.1366951622,32.0
divide by two,0.9735,10.6217,0.9156201494240874,951901.0285714286,1321700523275.543,1149652.348875756,35.0
