,explained_variance,mean_squared_log_error,r2,MAE,MSE,RMSE,count_datapoints
ensemble,0.9965,0.0416,0.9904832593067429,407499.67391304346,251817319668.5,501814.02896740544,46.0
divide by two,0.9805,1.4115,0.9758643876699259,667772.7551020408,664192990790.3877,814980.3622115,49.0
