,explained_variance,mean_squared_log_error,r2,MAE,MSE,RMSE,count_datapoints
ensemble,0.9908,0.0191,0.9907348482084661,15989.733333333334,785513666.2666667,28027.016720776162,15.0
divide by two,0.2305,1.8589,-1.6969785269057955,404243.6,228653943095.46667,478177.7317017875,15.0
