,explained_variance,mean_squared_log_error,r2,MAE,MSE,RMSE,count_datapoints
ensemble,0.9972,0.2537,0.9968167683704557,93804.57692307692,23009945983.115383,151690.2962720931,26.0
divide by two,0.9373,12.8179,0.7869302670719098,1032526.0689655172,1510730871453.6553,1229117.9241446506,29.0
