,explained_variance,mean_squared_log_error,r2,MAE,MSE,RMSE,count_datapoints
ensemble,0.9984,0.2282,0.9980395053130531,98515.72413793103,22857636751.931034,151187.42259834657,29.0
divide by two,0.964,11.6174,0.8753186499402269,1010339.53125,1435258244593.6562,1198022.6394328515,32.0
