,explained_variance,mean_squared_log_error,r2,MAE,MSE,RMSE,count_datapoints
ensemble,0.9974,0.0174,0.9969466295619688,14080.625,464993437.125,21563.706479290613,16.0
divide by two,-0.0913,1.7529,-1.5681035785126372,474240.4375,391092837931.4375,625374.1583495736,16.0
