,explained_variance,mean_squared_log_error,r2,MAE,MSE,RMSE,count_datapoints
ensemble,0.9914,0.2925,0.9907465290840817,73803.9,14367010590.4,119862.46531087202,20.0
divide by two,0.714,16.1677,0.20796041877070337,878544.8260869565,1207993420380.1304,1099087.5399075956,23.0
