,explained_variance,mean_squared_log_error,r2,MAE,MSE,RMSE,count_datapoints
ensemble,0.9964,0.0494,0.9905069931663144,398053.61363636365,246618719564.6591,496607.20853070496,44.0
divide by two,0.9802,1.5775,0.9744558618812151,679301.7872340425,686831954232.9362,828753.2529244975,47.0
