,explained_variance,mean_squared_log_error,r2,MAE,MSE,RMSE,count_datapoints
ensemble,0.9925,0.0269,0.9912944210368806,8740.7,159054788.1,12611.692515281205,10.0
divide by two,0.6838,2.4818,-2.3945248934785757,237154.5,62019475088.3,249037.09580763264,10.0
