,explained_variance,mean_squared_log_error,r2,MAE,MSE,RMSE,count_datapoints
ensemble,0.9989,0.2068,0.9986228627013485,97940.625,21643559244.9375,147117.5014909426,32.0
divide by two,0.9735,10.6217,0.9156373667988993,951809.7428571428,1321499169637.9714,1149564.77400709,35.0
