,explained_variance,mean_squared_log_error,r2,MAE,MSE,RMSE,count_datapoints
ensemble,0.9919,0.0231,0.9900993113194075,12085.25,393735657.4166667,19842.773430563248,12.0
divide by two,0.723,2.1287,-1.1424172193036637,272366.0833333333,85200745071.08333,291891.66666947404,12.0
