,explained_variance,mean_squared_log_error,r2,MAE,MSE,RMSE,count_datapoints
ensemble,0.9964,0.2905,0.9963037849139663,75636.78260869565,13970545598.26087,118197.06256189648,23.0
divide by two,0.8707,14.3103,0.6064396210951957,987466.0769230769,1452112615725.7693,1205036.3545245302,26.0
