,explained_variance,mean_squared_log_error,r2,MAE,MSE,RMSE,count_datapoints
ensemble,0.9988,0.1655,0.9988323136245426,114587.15,25319710029.05,159121.68308891784,40.0
divide by two,0.9809,8.6459,0.9504551355617413,821698.1627906977,1099153977645.279,1048405.445257358,43.0
