,explained_variance,mean_squared_log_error,r2,MAE,MSE,RMSE,count_datapoints
ensemble,0.9988,0.1742,0.9988088291909147,110851.47368421052,24617313151.842106,156899.05401831493,38.0
divide by two,0.9798,9.0677,0.9452346461209179,852568.0731707317,1151063267174.1707,1072876.1658151282,41.0
