,explained_variance,mean_squared_log_error,r2,MAE,MSE,RMSE,count_datapoints
ensemble,0.9944,0.0213,0.9931351141973795,11709.538461538461,367750063.84615386,19176.810575435997,13.0
divide by two,0.7419,1.9878,-0.8261610791237659,289825.6923076923,97826951933.38461,312773.00384365756,13.0
