,explained_variance,mean_squared_log_error,r2,MAE,MSE,RMSE,count_datapoints
ensemble,0.999,0.2005,0.9987504081291799,95628.0303030303,21009081695.363636,144945.09890080325,33.0
divide by two,0.9752,10.3266,0.9234247760110416,933135.1388888889,1287668874234.8057,1134754.9842299903,36.0
