,explained_variance,mean_squared_log_error,r2,MAE,MSE,RMSE,count_datapoints
ensemble,0.997,0.1553,0.9930343337292303,328828.7619047619,175420934190.66666,418832.8236786924,42.0
divide by two,0.9781,5.4853,0.9686249543277784,724079.6666666666,812329476836.8223,901293.2246704301,45.0
