,explained_variance,mean_squared_log_error,r2,MAE,MSE,RMSE,count_datapoints
ensemble,0.9984,0.2282,0.998111874766675,94184.5172413793,22013785132.58621,148370.4321372227,29.0
divide by two,0.964,11.6174,0.8753165845949268,1010347.71875,1435276132832.0312,1198030.105144287,32.0
