,explained_variance,mean_squared_log_error,r2,MAE,MSE,RMSE,count_datapoints
ensemble,0.9989,0.1891,0.9988596874301571,98971.05714285714,21178529246.485714,145528.44823774393,35.0
divide by two,0.9775,9.7834,0.9338247603454722,904030.9210526316,1237883514081.8157,1112602.1364718906,38.0
