,explained_variance,mean_squared_log_error,r2,MAE,MSE,RMSE,count_datapoints
ensemble,0.9919,0.0231,0.9900935200437322,12086.5,393965967.8333333,19848.57596487298,12.0
divide by two,0.723,2.1287,-1.1424172193036641,272366.0833333333,85200745071.08333,291891.66666947404,12.0
