,explained_variance,mean_squared_log_error,r2,MAE,MSE,RMSE,count_datapoints
ensemble,0.9988,0.2135,0.9984550153129051,100053.45161290323,22374341808.677418,149580.5529093853,31.0
divide by two,0.9713,10.9341,0.9055619799307685,972156.0588235294,1358543511175.0588,1165565.7472554084,34.0
