,explained_variance,mean_squared_log_error,r2,MAE,MSE,RMSE,count_datapoints
ensemble,0.9965,0.0158,0.9955756636891877,22370.38888888889,1404174224.6111112,37472.312773714824,18.0
divide by two,0.0349,1.612,-1.155829158403837,614752.3333333334,684206516918.2222,827167.7683023089,18.0
