,explained_variance,mean_squared_log_error,r2,MAE,MSE,RMSE,count_datapoints
ensemble,0.9984,0.2282,0.9980395995799101,98513.5172413793,22856446627.58621,151183.4866233287,29.0
divide by two,0.964,11.6174,0.8753165845949268,1010347.71875,1435276132832.0312,1198030.105144287,32.0
