,explained_variance,mean_squared_log_error,r2,MAE,MSE,RMSE,count_datapoints
ensemble,0.996,0.0198,0.9951742212329757,11161.857142857143,342649185.28571427,18510.78564744658,14.0
divide by two,0.7003,1.8737,-0.7183638313525011,317376.78571428574,122010559385.92857,349300.0993213838,14.0
