,explained_variance,mean_squared_log_error,r2,MAE,MSE,RMSE,count_datapoints
ensemble,0.999,0.2005,0.9987508591221351,95612.60606060606,21001205493.757576,144917.92675082534,33.0
divide by two,0.9752,10.3266,0.9234184584490962,933171.0555555555,1287756634059.3333,1134793.6526344044,36.0
