,explained_variance,mean_squared_log_error,r2,MAE,MSE,RMSE,count_datapoints
ensemble,0.9963,0.0158,0.9952883920391602,23099.666666666668,1495347096.2222223,38669.71807787357,18.0
divide by two,0.0349,1.612,-1.155829158403837,614752.3333333334,684206516918.2222,827167.7683023089,18.0
