,explained_variance,mean_squared_log_error,r2,MAE,MSE,RMSE,count_datapoints
ensemble,0.9953,0.0244,0.9946936978047225,8101.454545454545,144860778.36363637,12035.812326703852,11.0
divide by two,0.6663,2.2948,-1.7492882875772522,256796.9090909091,75054911429.45454,273961.5145042357,11.0
