,explained_variance,mean_squared_log_error,r2,MAE,MSE,RMSE,count_datapoints
ensemble,0.9958,0.3039,0.9954950057350475,71068.81818181818,13363694852.272728,115601.4483139062,22.0
divide by two,0.8426,14.8799,0.5324968385512232,947146.56,1352475724742.64,1162959.8981661578,25.0
