,explained_variance,mean_squared_log_error,r2,MAE,MSE,RMSE,count_datapoints
ensemble,0.9899,0.0182,0.9897600536574259,19411.25,1049125234.375,32390.202752915888,16.0
divide by two,-0.1044,1.7918,-2.197717977381706,463112.375,327619550948.0,572380.5997306338,16.0
