,explained_variance,mean_squared_log_error,r2,MAE,MSE,RMSE,count_datapoints
ensemble,0.9964,0.2906,0.9963016640349038,75712.43478260869,13976456200.956522,118222.06308873366,23.0
divide by two,0.8707,14.3105,0.6063215030626955,987531.3076923077,1452339241531.923,1205130.3836232505,26.0
