,explained_variance,mean_squared_log_error,r2,MAE,MSE,RMSE,count_datapoints
ensemble,0.9942,0.0139,0.9928945811055647,53578.954545454544,11298630563.5,106295.01664471388,22.0
divide by two,0.7062,1.3614,0.2675410433979748,835184.1363636364,1164714322480.5908,1079219.3115769338,22.0
