,explained_variance,mean_squared_log_error,r2,MAE,MSE,RMSE,count_datapoints
ensemble,0.9989,0.2068,0.998623689285607,97900.875,21629838524.0,147070.8622535409,32.0
divide by two,0.9735,10.6217,0.9156268065475188,951866.8857142857,1321620323566.0857,1149617.4683633186,35.0
