,explained_variance,mean_squared_log_error,r2,MAE,MSE,RMSE,count_datapoints
ensemble,0.9953,0.3179,0.9952461947808445,73007.38095238095,9612835811.0,98045.07030442683,21.0
divide by two,0.7517,15.502,0.30600245983043906,940404.6666666666,1376940822952.4167,1173431.2178191002,24.0
