model,explained_variance,mean_squared_log_error,r2,MAE,MSE,RMSE,count_datapoints
ensemble,0.9964,0.2906,0.9963016640349038,75712.43478260869,13976456200.956522,118222.06308873366,23.0
@covid_nl,0.9935,0.2197,0.9933576739948506,99242.47826086957,25102148468.826088,158436.57553994938,23.0
@kalahiri,0.9965,0.3468,0.9965128102421937,83027.82608695653,13178509301.043478,114797.6885701253,23.0
@yorickb,0.9964,0.2912,0.9962162205422965,75579.13043478261,14299357430.956522,119579.92068468904,23.0
