model,explained_variance,mean_squared_log_error,r2,MAE,MSE,RMSE,count_datapoints
ensemble,0.9964,0.2907,0.9963020204538796,75745.13043478261,13973717155.043478,118210.47819480082,23.0
@covid_nl,0.9935,0.2197,0.9933590276448765,99254.13043478261,25094532884.130436,158412.54017321495,23.0
@kalahiri,0.9965,0.3469,0.9965111547479584,83034.86956521739,13183452245.130434,114819.21548734965,23.0
@yorickb,0.9964,0.2913,0.9962173070827195,75583.65217391304,14293827278.173914,119556.79519865826,23.0
