model,explained_variance,mean_squared_log_error,r2,MAE,MSE,RMSE,count_datapoints
ensemble,0.9986,0.2206,0.9983147085707124,97681.0,22298714670.333332,149327.54156662908,30.0
@covid_nl,0.996,0.1668,0.9949605921841048,172678.46666666667,66678270025.73333,258221.35857773913,30.0
@kalahiri,0.9986,0.2635,0.9984547674072513,94044.93333333333,20445544364.733334,142987.91684870905,30.0
@yorickb,0.9988,0.221,0.9987091116434413,79651.86666666667,17080221636.4,130691.32196286025,30.0
