model,explained_variance,mean_squared_log_error,r2,MAE,MSE,RMSE,count_datapoints
ensemble,0.9964,0.1859,0.99277946254642,293358.8857142857,155857818429.05713,394788.3210393351,35.0
@covid_nl,0.9929,0.1418,0.987082064799477,377282.2,278838135236.4857,528051.2619400561,35.0
@kalahiri,0.9965,0.2217,0.9947129798929742,221887.2,114122172368.62857,337819.7335393961,35.0
@yorickb,0.9966,0.1862,0.9928942715730875,298320.7428571429,153379625559.42856,391637.1095279769,35.0
