model,explained_variance,mean_squared_log_error,r2,MAE,MSE,RMSE,count_datapoints
ensemble,0.9967,0.1808,0.9932654149413089,292122.75,151648087421.80554,389420.1939060243,36.0
@covid_nl,0.9935,0.1378,0.9878342717393813,378161.05555555556,273945522513.72223,523398.05360138876,36.0
@kalahiri,0.9967,0.2155,0.9951835209017541,216376.02777777778,108456547358.25,329327.4166513471,36.0
@yorickb,0.9967,0.1811,0.992983816464927,305146.47222222225,157989067599.80554,397478.3863303834,36.0
