model,explained_variance,mean_squared_log_error,r2,MAE,MSE,RMSE,count_datapoints
ensemble,0.9987,0.1891,0.9987131021177834,111907.45714285714,24702435837.514286,157170.08569544743,35.0
@covid_nl,0.9976,0.1429,0.9971439142402307,151402.82857142857,54823522675.8,234144.23476951124,35.0
@kalahiri,0.9959,0.2263,0.9956544417933944,177547.48571428572,83414445124.4,288815.5901685364,35.0
@yorickb,0.9993,0.1894,0.999229255834262,71521.65714285715,14794692387.314285,121633.43449608864,35.0
