model,explained_variance,mean_squared_log_error,r2,MAE,MSE,RMSE,count_datapoints
ensemble,0.9984,0.2282,0.9980390541217234,98523.41379310345,22863132013.275864,151205.5951784717,29.0
@covid_nl,0.9953,0.1726,0.9942068852101174,171695.6896551724,67543296159.48276,259890.9312759542,29.0
@kalahiri,0.9984,0.2726,0.998187728554801,96976.1724137931,21129701617.206898,145360.5916925454,29.0
@yorickb,0.9986,0.2287,0.9984849753249924,82111.24137931035,17664031186.068966,132906.09913043483,29.0
