model,explained_variance,mean_squared_log_error,r2,MAE,MSE,RMSE,count_datapoints
ensemble,0.9986,0.2206,0.9983167301962573,97614.83333333333,22270322371.366665,149232.44409767826,30.0
@covid_nl,0.996,0.1668,0.9949650271355598,172612.83333333334,66614673757.5,258098.18627317008,30.0
@kalahiri,0.9986,0.2635,0.9984560162802121,94010.36666666667,20427512630.1,142924.84958921594,30.0
@yorickb,0.9988,0.221,0.9987092853357791,79592.76666666666,17076663288.166666,130677.70769403123,30.0
