model,explained_variance,mean_squared_log_error,r2,MAE,MSE,RMSE,count_datapoints
ensemble,0.9915,0.0146,0.9892451731168975,54284.380952380954,11765102246.285715,108467.05604138851,21.0
@covid_nl,0.9834,0.0236,0.9803564033692095,70554.61904761905,21488855688.52381,146590.77627369264,21.0
@kalahiri,0.9957,0.0536,0.9943395697804095,45169.619047619046,6192153626.952381,78690.23844767775,21.0
@yorickb,0.9907,0.0061,0.9881482731289116,59796.142857142855,12965041645.857143,113864.13678528083,21.0
