model,explained_variance,mean_squared_log_error,r2,MAE,MSE,RMSE,count_datapoints
ensemble,0.9944,0.0213,0.9931351141973795,11709.538461538461,367750063.84615386,19176.810575435997,13.0
@covid_nl,0.9908,0.0342,0.9899986580486526,16302.153846153846,535769166.0,23146.68801362303,13.0
@kalahiri,0.9935,0.0842,0.9930946410519385,13964.0,369918199.2307692,19233.257634388647,13.0
@yorickb,0.989,0.0071,0.9854690385783329,16294.846153846154,778419648.0769231,27900.17290406859,13.0
