model,explained_variance,mean_squared_log_error,r2,MAE,MSE,RMSE,count_datapoints
ensemble,0.9934,0.0514,0.9932064434381506,6804.666666666667,72875346.0,8536.70580493436,9.0
@covid_nl,0.9842,0.047,0.9838131100552171,9265.777777777777,173638828.8888889,13177.20869110332,9.0
@kalahiri,0.9825,0.1206,0.9817537108682587,11403.444444444445,195730266.1111111,13990.363330203798,9.0
@yorickb,0.9928,0.0085,0.992736891643645,7243.6,81645285.2,9035.778062790167,5.0
