model,explained_variance,mean_squared_log_error,r2,MAE,MSE,RMSE,count_datapoints
ensemble,0.9908,0.0181,0.9907483806107874,18625.6875,947867013.6875,30787.4489636199,16.0
@covid_nl,0.976,0.0301,0.9750054390183435,29999.4375,2560797075.5625,50604.318744179334,16.0
@kalahiri,0.9926,0.069,0.9925523451459878,19195.9375,763043319.0625,27623.238750416287,16.0
@yorickb,0.9887,0.0064,0.988659493807295,22018.5625,1161882183.6875,34086.392940402184,16.0
