model,explained_variance,mean_squared_log_error,r2,MAE,MSE,RMSE,count_datapoints
ensemble,0.9981,0.2363,0.9977399634360051,96314.07142857143,22757342235.57143,150855.36860042944,28.0
@covid_nl,0.9949,0.1787,0.9939212457138097,160159.42857142858,61209758222.78571,247406.05938979285,28.0
@kalahiri,0.9981,0.2824,0.9978313057895993,99203.32142857143,21837574283.82143,147775.41840178097,28.0
@yorickb,0.9983,0.2368,0.9981848690241053,84304.25,18277384303.82143,135193.87672458185,28.0
