model,explained_variance,mean_squared_log_error,r2,MAE,MSE,RMSE,count_datapoints
ensemble,0.9956,0.0598,0.9901594607668299,360820.1666666667,223771047797.72223,473044.4459009346,36.0
@covid_nl,0.9923,0.0459,0.9841278845714165,444085.47222222225,360927365468.80554,600772.3075082651,36.0
@kalahiri,0.9954,0.0772,0.992472814882589,273313.0,171166036817.66666,413722.1734662848,36.0
@yorickb,0.996,0.06,0.9901204580196613,374380.22222222225,224657959113.66666,473980.9691471448,36.0
