model,explained_variance,mean_squared_log_error,r2,MAE,MSE,RMSE,count_datapoints
ensemble,0.9987,0.1891,0.9987131531395621,111905.68571428572,24701569905.228573,157167.33090953913,35.0
@covid_nl,0.9976,0.1429,0.9971437860023479,151402.25714285715,54826236047.457146,234150.02892901198,35.0
@kalahiri,0.9959,0.2263,0.995654751216367,177543.37142857144,83408888722.0,288805.9707173659,35.0
@yorickb,0.9993,0.1894,0.9992292470246295,71524.74285714286,14794929440.4,121634.40894911275,35.0
