model,explained_variance,mean_squared_log_error,r2,MAE,MSE,RMSE,count_datapoints
ensemble,0.9967,0.1808,0.993428499549021,288234.5833333333,147730289236.80554,384356.98151172634,36.0
@covid_nl,0.9936,0.1378,0.988050166019091,374310.8888888889,268637648814.05554,518302.66139974195,36.0
@kalahiri,0.9967,0.2155,0.9952762819789995,215645.86111111112,106191308167.91667,325870.07866313326,36.0
@yorickb,0.9968,0.1811,0.9931579867950635,301250.97222222225,153811537755.69446,392188.1407637085,36.0
