model,explained_variance,mean_squared_log_error,r2,MAE,MSE,RMSE,count_datapoints
ensemble,0.9956,0.0565,0.9901472289482186,361257.05555555556,224011725216.33334,473298.7695064644,36.0
@covid_nl,0.9923,0.0435,0.9841129117431205,444438.80555555556,361207423818.5278,601005.3442512202,36.0
@kalahiri,0.9954,0.0732,0.9924635358546118,273537.72222222225,171348377666.22223,413942.4811084533,36.0
@yorickb,0.996,0.0567,0.9901073906269565,374891.1111111111,224917485740.83334,474254.66338332754,36.0
