model,explained_variance,mean_squared_log_error,r2,MAE,MSE,RMSE,count_datapoints
ensemble,0.9987,0.2005,0.9986653132445927,104689.93939393939,22941844494.18182,151465.65450352704,33.0
@covid_nl,0.9973,0.1516,0.9966293361017958,158054.81818181818,57938124193.90909,240703.39464558676,33.0
@kalahiri,0.9966,0.2398,0.9965483270142408,146293.87878787878,59330584171.333336,243578.702212105,33.0
@yorickb,0.9991,0.2009,0.9990931391104929,73372.63636363637,15587973298.333334,124851.80534671228,33.0
