model,explained_variance,mean_squared_log_error,r2,MAE,MSE,RMSE,count_datapoints
ensemble,0.9987,0.2005,0.9986642536754989,104732.15151515152,22959162374.575756,151522.8114000521,33.0
@covid_nl,0.9973,0.1516,0.9966295105415727,158018.0,57932867445.27273,240692.4748413891,33.0
@kalahiri,0.9966,0.2398,0.9965449708547054,146346.0909090909,59385958022.63636,243692.34297087867,33.0
@yorickb,0.9991,0.2009,0.9990929926711205,73342.9696969697,15589882717.030304,124859.45185299471,33.0
