model,explained_variance,mean_squared_log_error,r2,MAE,MSE,RMSE,count_datapoints
ensemble,0.9899,0.0182,0.9897600536574259,19411.25,1049125234.375,32390.202752915888,16.0
@covid_nl,0.976,0.0301,0.9750054390183435,29999.4375,2560797075.5625,50604.318744179334,16.0
@kalahiri,0.9934,0.0689,0.9934140915390679,16846.875,674753805.0,25976.02365644134,16.0
@yorickb,0.9887,0.0064,0.988659493807295,22018.5625,1161882183.6875,34086.392940402184,16.0
