model,explained_variance,mean_squared_log_error,r2,MAE,MSE,RMSE,count_datapoints
ensemble,0.9987,0.1946,0.9987082816994156,107826.64705882352,23580724075.058823,153560.16434954354,34.0
@covid_nl,0.9975,0.1471,0.9969195746924124,153452.0588235294,56234133385.882355,237137.3723938982,34.0
@kalahiri,0.9962,0.2329,0.9961053452592379,161926.73529411765,71098147922.79411,266642.35958075774,34.0
@yorickb,0.9992,0.195,0.9991680517651851,72520.41176470589,15187476836.882353,123237.48146112997,34.0
