model,explained_variance,mean_squared_log_error,r2,MAE,MSE,RMSE,count_datapoints
ensemble,0.9986,0.2206,0.9983152778929757,97666.16666666667,22290849903.766666,149301.2052991089,30.0
@covid_nl,0.996,0.1668,0.99496167347368,172664.23333333334,66662970644.3,258191.73233142073,30.0
@kalahiri,0.9986,0.2635,0.9984551361975477,94036.56666666667,20440360459.833332,142969.78862624554,30.0
@yorickb,0.9988,0.221,0.9987093276106895,79633.36666666667,17077109859.9,130679.41635888952,30.0
