model,explained_variance,mean_squared_log_error,r2,MAE,MSE,RMSE,count_datapoints
ensemble,0.9956,0.0524,0.9901325534857562,361818.72222222225,224307224475.0,473610.83652615047,36.0
@covid_nl,0.9923,0.0409,0.9840961874818742,444881.52777777775,361526159717.4167,601270.4547185207,36.0
@kalahiri,0.9954,0.0683,0.992450866905674,274018.1666666667,171607222713.22223,414255.02134943666,36.0
@yorickb,0.996,0.0527,0.9900921211306796,375495.0,225226334533.83334,474580.16660395043,36.0
