model,explained_variance,mean_squared_log_error,r2,MAE,MSE,RMSE,count_datapoints
ensemble,0.9984,0.2282,0.9980395053130531,98515.72413793103,22857636751.931034,151187.42259834657,29.0
@covid_nl,0.9953,0.1726,0.9942076967567852,171689.10344827586,67533140677.17242,259871.39257173426,29.0
@kalahiri,0.9984,0.2726,0.9981880411677625,96973.44827586207,21125839856.896553,145347.30770432783,29.0
@yorickb,0.9986,0.2287,0.9984851715452345,82099.62068965517,17661562049.13793,132896.80977787965,29.0
