model,explained_variance,mean_squared_log_error,r2,MAE,MSE,RMSE,count_datapoints
ensemble,0.9919,0.0231,0.9900935200437322,12086.5,393965967.8333333,19848.57596487298,12.0
@covid_nl,0.9866,0.0371,0.9854717773874679,17190.666666666668,577765796.5,24036.75927615867,12.0
@kalahiri,0.9909,0.0912,0.9900577449080238,14459.583333333334,395388691.75,19884.38311213099,12.0
@yorickb,0.9841,0.0076,0.980001767486583,15653.0,795299951.3333334,28201.062946870166,12.0
