model,explained_variance,mean_squared_log_error,r2,MAE,MSE,RMSE,count_datapoints
ensemble,0.9967,0.0186,0.9958192017690211,13479.6,460431318.53333336,21457.663398733177,15.0
@covid_nl,0.9961,0.0297,0.9956818667356422,15332.2,475556026.06666666,21807.24709968378,15.0
@kalahiri,0.9936,0.0734,0.992863122438669,18385.933333333334,785984341.8,28035.412281612695,15.0
@yorickb,0.9943,0.0063,0.9924294558576929,18043.733333333334,833744043.3333334,28874.62628906794,15.0
