model,explained_variance,mean_squared_log_error,r2,MAE,MSE,RMSE,count_datapoints
ensemble,0.9942,0.0139,0.9928945811055647,53578.954545454544,11298630563.5,106295.01664471388,22.0
@covid_nl,0.989,0.0225,0.9867627503782175,72288.27272727272,21049116931.090908,145083.13799711844,22.0
@kalahiri,0.9959,0.0512,0.9954200464624507,51013.77272727273,7282780056.681818,85339.205859217,22.0
@yorickb,0.9936,0.0058,0.9921415906081119,59416.27272727273,12495992967.454546,111785.47744431987,22.0
