model,explained_variance,mean_squared_log_error,r2,MAE,MSE,RMSE,count_datapoints
ensemble,0.9986,0.2206,0.9983161504560568,97635.96666666666,22278556907.566666,149260.03117903555,30.0
@covid_nl,0.996,0.1668,0.9949637201409169,172633.63333333333,66633653729.1,258134.95255214858,30.0
@kalahiri,0.9986,0.2635,0.9984556541532342,94023.03333333334,20432821302.766666,142943.41993518508,30.0
@yorickb,0.9988,0.221,0.9987092864038447,79612.1,17077081742.1,130679.30877572011,30.0
