model,explained_variance,mean_squared_log_error,r2,MAE,MSE,RMSE,count_datapoints
ensemble,0.9968,0.2666,0.9964966572689314,90591.92,20681723859.28,143811.4176944237,25.0
@covid_nl,0.993,0.2016,0.9926151711314226,126893.48,43595789259.64,208796.04704026366,25.0
@kalahiri,0.9967,0.3182,0.9965093275934301,97614.68,20606925538.76,143551.1251741344,25.0
@yorickb,0.9974,0.2671,0.99718230183471,78089.84,16634072041.12,128973.14465081481,25.0
