model,explained_variance,mean_squared_log_error,r2,MAE,MSE,RMSE,count_datapoints
ensemble,0.9987,0.2068,0.9985857853245439,101938.78125,22619163720.03125,150396.6878625698,32.0
@covid_nl,0.997,0.1564,0.9962831871246454,161343.96875,59447268086.96875,243818.104510245,32.0
@kalahiri,0.997,0.2473,0.997014984444517,130799.6875,47742790912.9375,218501.23778353637,32.0
@yorickb,0.999,0.2072,0.9989686384946852,76289.0625,16495752128.8125,128435.78990613364,32.0
