model,explained_variance,mean_squared_log_error,r2,MAE,MSE,RMSE,count_datapoints
ensemble,0.9986,0.2206,0.9984014848563796,94453.33333333333,21040475070.0,145053.35249486653,30.0
@covid_nl,0.9961,0.1668,0.9952015537326693,169105.86666666667,63159607505.4,251315.752600986,30.0
@kalahiri,0.9986,0.2635,0.9985048190067934,93883.8,19680338055.133335,140286.62821214763,30.0
@yorickb,0.9987,0.221,0.9986637555084419,80737.86666666667,17588334414.133335,132621.01799538915,30.0
