model,explained_variance,mean_squared_log_error,r2,MAE,MSE,RMSE,count_datapoints
ensemble,0.9929,0.0063,0.9911932841179691,8698.4,98997122.8,9949.729785275578,5.0
@covid_nl,0.9763,0.0179,0.9751931718476743,12178.4,278855892.0,16698.97877117041,5.0
@kalahiri,0.9851,0.0244,0.9777588840900437,14326.2,250014479.0,15811.84616039506,5.0
@yorickb,0.9928,0.0085,0.992736891643645,7243.6,81645285.2,9035.778062790167,5.0
