model,explained_variance,mean_squared_log_error,r2,MAE,MSE,RMSE,count_datapoints
ensemble,0.9958,0.3039,0.9954950057350475,71068.81818181818,13363694852.272728,115601.4483139062,22.0
@covid_nl,0.9922,0.2297,0.9916861654394946,94284.63636363637,24662306228.272728,157042.37080569283,22.0
@kalahiri,0.996,0.3626,0.9959920901370728,82029.13636363637,11889134869.772728,109037.30953106248,22.0
@yorickb,0.9957,0.3045,0.9951670843926161,72709.77272727272,14336446535.863636,119734.9010767689,22.0
