model,explained_variance,mean_squared_log_error,r2,MAE,MSE,RMSE,count_datapoints
ensemble,0.9986,0.2206,0.9983167443531098,97617.6,22270266715.0,149232.25762213743,30.0
@covid_nl,0.996,0.1668,0.994964951814557,172615.4,66616064066.0,258100.87963042667,30.0
@kalahiri,0.9986,0.2635,0.9984560083676898,94014.6,20427738068.666668,142925.63824823967,30.0
@yorickb,0.9988,0.221,0.9987094275443877,79594.8,17074882745.6,130670.89479145691,30.0
