model,explained_variance,mean_squared_log_error,r2,MAE,MSE,RMSE,count_datapoints
ensemble,0.9974,0.0174,0.9969466295619688,14080.625,464993437.125,21563.706479290613,16.0
@covid_nl,0.995,0.028,0.9949823804697938,18834.125,764126135.0,27642.831530073036,16.0
@kalahiri,0.995,0.0689,0.9941991482764543,20263.1875,883403450.6875,29722.103739262806,16.0
@yorickb,0.9947,0.006,0.9939743907548014,19831.4375,917631453.6875,30292.43228411182,16.0
