model,explained_variance,mean_squared_log_error,r2,MAE,MSE,RMSE,count_datapoints
ensemble,0.9953,0.3179,0.9952461947808445,73007.38095238095,9612835811.0,98045.07030442683,21.0
@covid_nl,0.9915,0.2398,0.9914547276068018,88769.90476190476,17279694200.57143,131452.25064855843,21.0
@kalahiri,0.9953,0.3797,0.9952790663315375,66258.38095238095,9546365098.571428,97705.50188485513,21.0
@yorickb,0.9946,0.3186,0.9945834144784867,76297.33333333333,10953067042.952381,104656.90155432837,21.0
