model,explained_variance,mean_squared_log_error,r2,MAE,MSE,RMSE,count_datapoints
ensemble,0.9977,0.2451,0.9973891235907688,93139.25925925926,22382954719.703705,149609.3403491363,27.0
@covid_nl,0.9943,0.1852,0.9934039344372251,150068.7037037037,56547845887.22222,237797.90976209656,27.0
@kalahiri,0.9977,0.2928,0.9974071490461615,98939.77777777778,22228423103.25926,149091.99543657352,27.0
@yorickb,0.9979,0.2456,0.9977875185447888,87323.03703703704,18967528319.25926,137722.6499863376,27.0
