model,explained_variance,mean_squared_log_error,r2,MAE,MSE,RMSE,count_datapoints
ensemble,0.9972,0.2537,0.9968167683704557,93804.57692307692,23009945983.115383,151690.2962720931,26.0
@covid_nl,0.9935,0.1915,0.9926892396652459,140598.84615384616,52845730369.38461,229881.99226860856,26.0
@kalahiri,0.9971,0.3032,0.9968303022309033,98826.92307692308,22912116659.307693,151367.48877915525,26.0
@yorickb,0.9979,0.2542,0.9976910259194622,78851.26923076923,16690387333.576923,129191.28195655048,26.0
