{"people_fully_vaccinated": {"ensemble": {"explained_variance": 0.9953, "mean_squared_log_error": 0.3179, "r2": 0.9952461947808445, "MAE": 73007.38095238095, "MSE": 9612835811.0, "RMSE": 98045.07030442683, "count_datapoints": 21}, "@covid_nl": {"explained_variance": 0.9915, "mean_squared_log_error": 0.2398, "r2": 0.9914547276068018, "MAE": 88769.90476190476, "MSE": 17279694200.57143, "RMSE": 131452.25064855843, "count_datapoints": 21}, "@kalahiri": {"explained_variance": 0.9953, "mean_squared_log_error": 0.3797, "r2": 0.9952790663315375, "MAE": 66258.38095238095, "MSE": 9546365098.571428, "RMSE": 97705.50188485513, "count_datapoints": 21}, "@yorickb": {"explained_variance": 0.9946, "mean_squared_log_error": 0.3186, "r2": 0.9945834144784867, "MAE": 76297.33333333333, "MSE": 10953067042.952381, "RMSE": 104656.90155432837, "count_datapoints": 21}}}