model,explained_variance,mean_squared_log_error,r2,MAE,MSE,RMSE,count_datapoints
ensemble,0.9978,0.2442,0.9974442784841495,92583.96296296296,21899868133.51852,147986.04033326427,27.0
@covid_nl,0.9943,0.1845,0.9934610805791109,149722.96296296295,56031720265.703705,236710.20312969972,27.0
@kalahiri,0.9977,0.2919,0.9974445359940451,98391.66666666667,21897661542.25926,147978.58474204724,27.0
@yorickb,0.998,0.2448,0.9978567400095368,85475.51851851853,18365503000.185184,135519.38237826052,27.0
