model,explained_variance,mean_squared_log_error,r2,MAE,MSE,RMSE,count_datapoints
ensemble,0.9972,0.1517,0.9934049165381401,322712.18604651163,168240313713.86047,410171.07859265315,43.0
@covid_nl,0.9948,0.1159,0.9886173207878414,415059.511627907,290371688642.3953,538861.4744462582,43.0
@kalahiri,0.9968,0.1894,0.9952607486901441,234263.17073170733,117529314752.0,342825.48731388105,41.0
@yorickb,0.9968,0.1811,0.9931579867950635,301250.97222222225,153811537755.69446,392188.1407637085,36.0
