{"people_fully_vaccinated": {"ensemble": {"explained_variance": 0.9944, "mean_squared_log_error": 0.0213, "r2": 0.9931351141973795, "MAE": 11709.538461538461, "MSE": 367750063.84615386, "RMSE": 19176.810575435997, "count_datapoints": 13}, "@covid_nl": {"explained_variance": 0.9908, "mean_squared_log_error": 0.0342, "r2": 0.9899986580486526, "MAE": 16302.153846153846, "MSE": 535769166.0, "RMSE": 23146.68801362303, "count_datapoints": 13}, "@kalahiri": {"explained_variance": 0.9935, "mean_squared_log_error": 0.0842, "r2": 0.9930946410519385, "MAE": 13964.0, "MSE": 369918199.2307692, "RMSE": 19233.257634388647, "count_datapoints": 13}, "@yorickb": {"explained_variance": 0.989, "mean_squared_log_error": 0.0071, "r2": 0.9854690385783329, "MAE": 16294.846153846154, "MSE": 778419648.0769231, "RMSE": 27900.17290406859, "count_datapoints": 13}}}