{"people_fully_vaccinated": {"ensemble": {"explained_variance": 0.9989, "mean_squared_log_error": 0.1891, "r2": 0.9988596874301571, "MAE": 98971.05714285714, "MSE": 21178529246.485714, "RMSE": 145528.44823774393, "count_datapoints": 35}, "@covid_nl": {"explained_variance": 0.9976, "mean_squared_log_error": 0.143, "r2": 0.9969573165940093, "MAE": 159093.8, "MSE": 56510435126.08572, "RMSE": 237719.2359193629, "count_datapoints": 35}, "@kalahiri": {"explained_variance": 0.9977, "mean_squared_log_error": 0.2261, "r2": 0.9976459057226338, "MAE": 121867.68571428572, "MSE": 43721568823.057144, "RMSE": 209097.03207615632, "count_datapoints": 35}, "@yorickb": {"explained_variance": 0.999, "mean_squared_log_error": 0.2072, "r2": 0.9989686384946852, "MAE": 76289.0625, "MSE": 16495752128.8125, "RMSE": 128435.78990613364, "count_datapoints": 32}}}