{"people_fully_vaccinated": {"ensemble": {"explained_variance": 0.9965, "mean_squared_log_error": 0.2785, "r2": 0.9965061551996497, "MAE": 83538.79166666667, "MSE": 16320778332.708334, "RMSE": 127752.80166285331, "count_datapoints": 24}, "@covid_nl": {"explained_variance": 0.9935, "mean_squared_log_error": 0.2106, "r2": 0.9934787802195766, "MAE": 111402.75, "MSE": 30462538715.083332, "RMSE": 174535.20766619936, "count_datapoints": 24}, "@kalahiri": {"explained_variance": 0.9972, "mean_squared_log_error": 0.3323, "r2": 0.9971612731482589, "MAE": 84712.66666666667, "MSE": 13260529400.083334, "RMSE": 115154.37204067995, "count_datapoints": 24}, "@yorickb": {"explained_variance": 0.9964, "mean_squared_log_error": 0.279, "r2": 0.9963716731080564, "MAE": 84025.33333333333, "MSE": 16948983800.333334, "RMSE": 130188.26291311107, "count_datapoints": 24}}}