{"people_fully_vaccinated": {"ensemble": {"explained_variance": 0.9968, "mean_squared_log_error": 0.1591, "r2": 0.9926949595268963, "MAE": 332279.756097561, "MSE": 181246281614.92682, "RMSE": 425730.29210396437, "count_datapoints": 41}, "@covid_nl": {"explained_variance": 0.9943, "mean_squared_log_error": 0.1215, "r2": 0.9878404648628475, "MAE": 417072.1219512195, "MSE": 301691761721.14636, "RMSE": 549264.7464758196, "count_datapoints": 41}, "@kalahiri": {"explained_variance": 0.9966, "mean_squared_log_error": 0.1992, "r2": 0.9945623417951722, "MAE": 245445.76923076922, "MSE": 129442921149.97437, "RMSE": 359781.76878487656, "count_datapoints": 39}, "@yorickb": {"explained_variance": 0.9966, "mean_squared_log_error": 0.1862, "r2": 0.9928942715730875, "MAE": 298320.7428571429, "MSE": 153379625559.42856, "RMSE": 391637.1095279769, "count_datapoints": 35}}}