{"people_fully_vaccinated": {"ensemble": {"explained_variance": 0.9915, "mean_squared_log_error": 0.0146, "r2": 0.9892451731168975, "MAE": 54284.380952380954, "MSE": 11765102246.285715, "RMSE": 108467.05604138851, "count_datapoints": 21}, "@covid_nl": {"explained_variance": 0.9834, "mean_squared_log_error": 0.0236, "r2": 0.9803564033692094, "MAE": 70554.61904761905, "MSE": 21488855688.52381, "RMSE": 146590.77627369264, "count_datapoints": 21}, "@kalahiri": {"explained_variance": 0.9957, "mean_squared_log_error": 0.0536, "r2": 0.9943395697804095, "MAE": 45169.619047619046, "MSE": 6192153626.952381, "RMSE": 78690.23844767775, "count_datapoints": 21}, "@yorickb": {"explained_variance": 0.9907, "mean_squared_log_error": 0.0061, "r2": 0.9881482731289116, "MAE": 59796.142857142855, "MSE": 12965041645.857143, "RMSE": 113864.13678528083, "count_datapoints": 21}}}