{"people_fully_vaccinated": {"ensemble": {"explained_variance": 0.9899, "mean_squared_log_error": 0.0182, "r2": 0.9897600536574259, "MAE": 19411.25, "MSE": 1049125234.375, "RMSE": 32390.202752915888, "count_datapoints": 16}, "@covid_nl": {"explained_variance": 0.976, "mean_squared_log_error": 0.0301, "r2": 0.9750054390183435, "MAE": 29999.4375, "MSE": 2560797075.5625, "RMSE": 50604.318744179334, "count_datapoints": 16}, "@kalahiri": {"explained_variance": 0.9934, "mean_squared_log_error": 0.0689, "r2": 0.9934140915390679, "MAE": 16846.875, "MSE": 674753805.0, "RMSE": 25976.02365644134, "count_datapoints": 16}, "@yorickb": {"explained_variance": 0.9887, "mean_squared_log_error": 0.0064, "r2": 0.988659493807295, "MAE": 22018.5625, "MSE": 1161882183.6875, "RMSE": 34086.392940402184, "count_datapoints": 16}}}