model,explained_variance,mean_squared_log_error,r2,MAE,MSE,RMSE,count_datapoints
ensemble,0.9988,0.1655,0.9988323136245426,114587.15,25319710029.05,159121.68308891784,40.0
@covid_nl,0.998,0.1251,0.9976797987108791,145922.425,50310447295.025,224299.9048038697,40.0
@kalahiri,0.9962,0.2032,0.9958999051701054,178519.97435897434,86948222247.66667,294869.8395015446,39.0
@yorickb,0.9993,0.1894,0.9992292470246295,71524.74285714286,14794929440.4,121634.40894911275,35.0
