{"people_fully_vaccinated": {"ensemble": {"explained_variance": 0.9965, "mean_squared_log_error": 0.0457, "r2": 0.9904981232701211, "MAE": 402874.86666666664, "MSE": 249304191521.97778, "RMSE": 499303.70669761486, "count_datapoints": 45}, "@covid_nl": {"explained_variance": 0.9942, "mean_squared_log_error": 0.0355, "r2": 0.9855126581141723, "MAE": 488318.5777777778, "MSE": 380109651895.55554, "RMSE": 616530.333313419, "count_datapoints": 45}, "@kalahiri": {"explained_variance": 0.9957, "mean_squared_log_error": 0.0645, "r2": 0.9926928182443873, "MAE": 290244.14634146343, "MSE": 182672500067.26828, "RMSE": 427402.03563772165, "count_datapoints": 41}, "@yorickb": {"explained_variance": 0.9961, "mean_squared_log_error": 0.0552, "r2": 0.9902109229583409, "MAE": 382746.02702702704, "MSE": 230809468924.2973, "RMSE": 480426.34078940476, "count_datapoints": 37}}}