{"people_fully_vaccinated": {"ensemble": {"explained_variance": 0.9942, "mean_squared_log_error": 0.0139, "r2": 0.9928945811055647, "MAE": 53578.954545454544, "MSE": 11298630563.5, "RMSE": 106295.01664471388, "count_datapoints": 22}, "@covid_nl": {"explained_variance": 0.989, "mean_squared_log_error": 0.0225, "r2": 0.9867627503782175, "MAE": 72288.27272727272, "MSE": 21049116931.090908, "RMSE": 145083.13799711844, "count_datapoints": 22}, "@kalahiri": {"explained_variance": 0.9959, "mean_squared_log_error": 0.0512, "r2": 0.9954200464624507, "MAE": 51013.77272727273, "MSE": 7282780056.681818, "RMSE": 85339.205859217, "count_datapoints": 22}, "@yorickb": {"explained_variance": 0.9936, "mean_squared_log_error": 0.0058, "r2": 0.9921415906081119, "MAE": 59416.27272727273, "MSE": 12495992967.454546, "RMSE": 111785.47744431987, "count_datapoints": 22}}}