model,explained_variance,mean_squared_log_error,r2,MAE,MSE,RMSE,count_datapoints
ensemble,0.9989,0.2068,0.998631994073115,96094.1875,21498930710.875,146625.1366951622,32.0
@covid_nl,0.9964,0.1615,0.9953852004200693,175780.35483870967,66831487529.70968,258517.8669448394,31.0
@kalahiri,0.9989,0.2471,0.9987811047534926,88650.03125,19155578154.65625,138403.6782555155,32.0
@yorickb,0.9988,0.221,0.9987094275443877,79594.8,17074882745.6,130670.89479145691,30.0
