{"people_fully_vaccinated": {"ensemble": {"explained_variance": 0.9908, "mean_squared_log_error": 0.0191, "r2": 0.9907348482084661, "MAE": 15989.733333333334, "MSE": 785513666.2666667, "RMSE": 28027.016720776162, "count_datapoints": 15}, "@covid_nl": {"explained_variance": 0.9851, "mean_squared_log_error": 0.0307, "r2": 0.9850705743255027, "MAE": 22114.133333333335, "MSE": 1265739424.5333333, "RMSE": 35577.231827860545, "count_datapoints": 15}, "@kalahiri": {"explained_variance": 0.9915, "mean_squared_log_error": 0.0735, "r2": 0.9915106808789004, "MAE": 17970.0, "MSE": 719737392.0, "RMSE": 26827.921872556584, "count_datapoints": 15}, "@yorickb": {"explained_variance": 0.9892, "mean_squared_log_error": 0.0066, "r2": 0.9886141556119878, "MAE": 19212.266666666666, "MSE": 965309211.3333334, "RMSE": 31069.425667902735, "count_datapoints": 15}}}