{"people_fully_vaccinated": {"ensemble": {"explained_variance": 0.9987, "mean_squared_log_error": 0.1891, "r2": 0.9986381541917206, "MAE": 106376.8, "MSE": 25292969702.0, "RMSE": 159037.63611799566, "count_datapoints": 35}, "@covid_nl": {"explained_variance": 0.9971, "mean_squared_log_error": 0.1517, "r2": 0.996431096808598, "MAE": 166013.69696969696, "MSE": 59707299266.42424, "RMSE": 244350.77095524836, "count_datapoints": 33}, "@kalahiri": {"explained_variance": 0.9977, "mean_squared_log_error": 0.2261, "r2": 0.9976459057226338, "MAE": 121867.68571428572, "MSE": 43721568823.057144, "RMSE": 209097.03207615632, "count_datapoints": 35}, "@yorickb": {"explained_variance": 0.999, "mean_squared_log_error": 0.2072, "r2": 0.9989686384946852, "MAE": 76289.0625, "MSE": 16495752128.8125, "RMSE": 128435.78990613364, "count_datapoints": 32}}}