{"people_fully_vaccinated": {"ensemble": {"explained_variance": 0.9958, "mean_squared_log_error": 0.3039, "r2": 0.9954950057350475, "MAE": 71068.81818181818, "MSE": 13363694852.272728, "RMSE": 115601.4483139062, "count_datapoints": 22}, "@covid_nl": {"explained_variance": 0.9922, "mean_squared_log_error": 0.2297, "r2": 0.9916861654394946, "MAE": 94284.63636363637, "MSE": 24662306228.272728, "RMSE": 157042.37080569283, "count_datapoints": 22}, "@kalahiri": {"explained_variance": 0.996, "mean_squared_log_error": 0.3626, "r2": 0.9959920901370728, "MAE": 82029.13636363637, "MSE": 11889134869.772728, "RMSE": 109037.30953106248, "count_datapoints": 22}, "@yorickb": {"explained_variance": 0.9957, "mean_squared_log_error": 0.3045, "r2": 0.9951670843926161, "MAE": 72709.77272727272, "MSE": 14336446535.863636, "RMSE": 119734.9010767689, "count_datapoints": 22}}}