model,explained_variance,mean_squared_log_error,r2,MAE,MSE,RMSE,count_datapoints
ensemble,0.9987,0.1742,0.9987383461296175,113612.3947368421,26073950250.92105,161474.30213789764,38.0
@covid_nl,0.9978,0.1352,0.9973171359646905,152244.37837837837,53808163342.10811,231965.86676084073,37.0
@kalahiri,0.9965,0.2085,0.9963212165053804,164577.47368421053,76027522345.36842,275730.8875432138,38.0
@yorickb,0.9992,0.195,0.9991680517651851,72520.41176470589,15187476836.882353,123237.48146112997,34.0
