{"people_fully_vaccinated": {"ensemble": {"explained_variance": 0.9978, "mean_squared_log_error": 0.2442, "r2": 0.9974442784841495, "MAE": 92583.96296296296, "MSE": 21899868133.51852, "RMSE": 147986.04033326427, "count_datapoints": 27}, "@covid_nl": {"explained_variance": 0.9943, "mean_squared_log_error": 0.1845, "r2": 0.9934610805791109, "MAE": 149722.96296296295, "MSE": 56031720265.703705, "RMSE": 236710.20312969972, "count_datapoints": 27}, "@kalahiri": {"explained_variance": 0.9977, "mean_squared_log_error": 0.2919, "r2": 0.9974445359940451, "MAE": 98391.66666666667, "MSE": 21897661542.25926, "RMSE": 147978.58474204724, "count_datapoints": 27}, "@yorickb": {"explained_variance": 0.998, "mean_squared_log_error": 0.2448, "r2": 0.9978567400095368, "MAE": 85475.51851851853, "MSE": 18365503000.185184, "RMSE": 135519.38237826052, "count_datapoints": 27}}}