{"people_fully_vaccinated": {"ensemble": {"explained_variance": 0.9964, "mean_squared_log_error": 0.2907, "r2": 0.9963020204538796, "MAE": 75745.13043478261, "MSE": 13973717155.043478, "RMSE": 118210.47819480082, "count_datapoints": 23}, "@covid_nl": {"explained_variance": 0.9935, "mean_squared_log_error": 0.2197, "r2": 0.9933590276448765, "MAE": 99254.13043478261, "MSE": 25094532884.130436, "RMSE": 158412.54017321495, "count_datapoints": 23}, "@kalahiri": {"explained_variance": 0.9965, "mean_squared_log_error": 0.3469, "r2": 0.9965111547479584, "MAE": 83034.86956521739, "MSE": 13183452245.130434, "RMSE": 114819.21548734965, "count_datapoints": 23}, "@yorickb": {"explained_variance": 0.9964, "mean_squared_log_error": 0.2913, "r2": 0.9962173070827195, "MAE": 75583.65217391304, "MSE": 14293827278.173914, "RMSE": 119556.79519865826, "count_datapoints": 23}}}