model,explained_variance,mean_squared_log_error,r2,MAE,MSE,RMSE,count_datapoints
ensemble,0.995,0.0168,0.9940619485187189,20388.470588235294,1303351858.235294,36101.964742037155,17.0
@covid_nl,0.995,0.0265,0.9947505709152814,22773.235294117647,1152205091.8235295,33944.14665039511,17.0
@kalahiri,0.9898,0.0657,0.9878171623402718,29482.176470588234,2674029376.882353,51711.01794475093,17.0
@yorickb,0.9945,0.0059,0.9933359499296102,24601.058823529413,1462702381.4117646,38245.292277766224,17.0
