model,explained_variance,mean_squared_log_error,r2,MAE,MSE,RMSE,count_datapoints
ensemble,0.9988,0.2135,0.9984676552920739,99010.67741935483,22191402782.548386,148967.7910910556,31.0
@covid_nl,0.9964,0.1615,0.9953852004200693,175780.35483870967,66831487529.70968,258517.8669448394,31.0
@kalahiri,0.9988,0.255,0.9986346865047153,91326.3870967742,19772458208.387096,140614.57324327054,31.0
@yorickb,0.9988,0.221,0.9987094275443877,79594.8,17074882745.6,130670.89479145691,30.0
