{"people_fully_vaccinated": {"ensemble": {"explained_variance": 0.9953, "mean_squared_log_error": 0.0244, "r2": 0.994683060258801, "MAE": 8099.363636363636, "MSE": 145151180.8181818, "RMSE": 12047.870385183509, "count_datapoints": 11}, "@covid_nl": {"explained_variance": 0.9872, "mean_squared_log_error": 0.0396, "r2": 0.9870307072406316, "MAE": 13742.272727272728, "MSE": 354058584.45454544, "RMSE": 18816.44452213397, "count_datapoints": 11}, "@kalahiri": {"explained_variance": 0.9936, "mean_squared_log_error": 0.0987, "r2": 0.9934692992516916, "MAE": 10977.818181818182, "MSE": 178286565.45454547, "RMSE": 13352.39923963276, "count_datapoints": 11}, "@yorickb": {"explained_variance": 0.9829, "mean_squared_log_error": 0.0073, "r2": 0.9801876485490482, "MAE": 11626.0, "MSE": 540872446.9090909, "RMSE": 23256.66456973336, "count_datapoints": 11}}}