{"people_fully_vaccinated": {"ensemble": {"explained_variance": 0.9981, "mean_squared_log_error": 0.1948, "r2": 0.9979896545290518, "MAE": 114049.91176470589, "MSE": 35721860727.382355, "RMSE": 189002.27704285036, "count_datapoints": 34}, "@covid_nl": {"explained_variance": 0.9971, "mean_squared_log_error": 0.1517, "r2": 0.996229818249998, "MAE": 169969.0606060606, "MSE": 63387141227.30303, "RMSE": 251768.0305902698, "count_datapoints": 33}, "@kalahiri": {"explained_variance": 0.9981, "mean_squared_log_error": 0.2327, "r2": 0.9981212953320803, "MAE": 105162.4705882353, "MSE": 33382733199.411766, "RMSE": 182709.42285337055, "count_datapoints": 34}, "@yorickb": {"explained_variance": 0.9988, "mean_squared_log_error": 0.221, "r2": 0.9987091116434413, "MAE": 79651.86666666667, "MSE": 17080221636.4, "RMSE": 130691.32196286025, "count_datapoints": 30}}}