{"people_fully_vaccinated": {"ensemble": {"explained_variance": 0.9946, "mean_squared_log_error": 0.0153, "r2": 0.9932042419502244, "MAE": 31299.105263157893, "MSE": 3270804226.263158, "RMSE": 57190.94531709681, "count_datapoints": 19}, "@covid_nl": {"explained_variance": 0.9941, "mean_squared_log_error": 0.0243, "r2": 0.9931470792706658, "MAE": 35743.36842105263, "MSE": 3298316673.368421, "RMSE": 57430.973118765985, "count_datapoints": 19}, "@kalahiri": {"explained_variance": 0.9939, "mean_squared_log_error": 0.059, "r2": 0.9924174253888497, "MAE": 34594.73684210526, "MSE": 3649499717.6842103, "RMSE": 60411.08936018461, "count_datapoints": 19}, "@yorickb": {"explained_variance": 0.9916, "mean_squared_log_error": 0.006, "r2": 0.9897324012218106, "MAE": 37579.78947368421, "MSE": 4941804171.263158, "RMSE": 70297.96704929067, "count_datapoints": 19}}}