model,explained_variance,mean_squared_log_error,r2,MAE,MSE,RMSE,count_datapoints
ensemble,0.9914,0.2925,0.9907478370785987,73810.9,14364482377.3,119851.91853825285,20.0
@covid_nl,0.9843,0.2527,0.983069977244512,96292.45,26284774228.95,162125.7975429882,20.0
@kalahiri,0.9941,0.3989,0.9938831927416832,72587.85,9496673460.45,97450.87716613946,20.0
@yorickb,0.9908,0.1959,0.9899969414409908,76304.45,15530288388.85,124620.57771030434,20.0
