{"people_fully_vaccinated": {"ensemble": {"explained_variance": 0.9964, "mean_squared_log_error": 0.2905, "r2": 0.9963037849139663, "MAE": 75636.78260869565, "MSE": 13970545598.26087, "RMSE": 118197.06256189648, "count_datapoints": 23}, "@covid_nl": {"explained_variance": 0.9935, "mean_squared_log_error": 0.2196, "r2": 0.9933589577470153, "MAE": 99196.65217391304, "MSE": 25101078117.95652, "RMSE": 158433.19765111263, "count_datapoints": 23}, "@kalahiri": {"explained_variance": 0.9965, "mean_squared_log_error": 0.3467, "r2": 0.9965165808687414, "MAE": 82995.21739130435, "MSE": 13166242948.086956, "RMSE": 114744.25017440724, "count_datapoints": 23}, "@yorickb": {"explained_variance": 0.9964, "mean_squared_log_error": 0.2911, "r2": 0.9962179562693735, "MAE": 75536.43478260869, "MSE": 14294951230.782608, "RMSE": 119561.49560281775, "count_datapoints": 23}}}