{"people_fully_vaccinated": {"ensemble": {"explained_variance": 0.9964, "mean_squared_log_error": 0.2906, "r2": 0.9963016640349038, "MAE": 75712.43478260869, "MSE": 13976456200.956522, "RMSE": 118222.06308873366, "count_datapoints": 23}, "@covid_nl": {"explained_variance": 0.9935, "mean_squared_log_error": 0.2197, "r2": 0.9933576739948506, "MAE": 99242.47826086957, "MSE": 25102148468.826088, "RMSE": 158436.57553994938, "count_datapoints": 23}, "@kalahiri": {"explained_variance": 0.9965, "mean_squared_log_error": 0.3468, "r2": 0.9965128102421937, "MAE": 83027.82608695653, "MSE": 13178509301.043478, "RMSE": 114797.6885701253, "count_datapoints": 23}, "@yorickb": {"explained_variance": 0.9964, "mean_squared_log_error": 0.2912, "r2": 0.9962162205422965, "MAE": 75579.13043478261, "MSE": 14299357430.956522, "RMSE": 119579.92068468904, "count_datapoints": 23}}}