{"people_fully_vaccinated": {"ensemble": {"explained_variance": 0.997, "mean_squared_log_error": 0.1553, "r2": 0.9930343337292303, "MAE": 328828.7619047619, "MSE": 175420934190.66666, "RMSE": 418832.8236786924, "count_datapoints": 42}, "@covid_nl": {"explained_variance": 0.9946, "mean_squared_log_error": 0.1186, "r2": 0.9882826924042111, "MAE": 415413.28571428574, "MSE": 295084628627.4286, "RMSE": 543216.925939747, "count_datapoints": 42}, "@kalahiri": {"explained_variance": 0.9967, "mean_squared_log_error": 0.1942, "r2": 0.994940136356879, "MAE": 239426.925, "MSE": 123125148648.475, "RMSE": 350891.9330056977, "count_datapoints": 40}, "@yorickb": {"explained_variance": 0.9967, "mean_squared_log_error": 0.1811, "r2": 0.992983816464927, "MAE": 305146.47222222225, "MSE": 157989067599.80554, "RMSE": 397478.3863303834, "count_datapoints": 36}}}