{"people_fully_vaccinated": {"ensemble": {"explained_variance": 0.999, "mean_squared_log_error": 0.2005, "r2": 0.9987504081291799, "MAE": 95628.0303030303, "MSE": 21009081695.363636, "RMSE": 144945.09890080325, "count_datapoints": 33}, "@covid_nl": {"explained_variance": 0.9971, "mean_squared_log_error": 0.1517, "r2": 0.996229818249998, "MAE": 169969.0606060606, "MSE": 63387141227.30303, "RMSE": 251768.0305902698, "count_datapoints": 33}, "@kalahiri": {"explained_variance": 0.999, "mean_squared_log_error": 0.2396, "r2": 0.9988937522873685, "MAE": 86471.27272727272, "MSE": 18599071515.030304, "RMSE": 136378.41293632326, "count_datapoints": 33}, "@yorickb": {"explained_variance": 0.9988, "mean_squared_log_error": 0.221, "r2": 0.9987091116434413, "MAE": 79651.86666666667, "MSE": 17080221636.4, "RMSE": 130691.32196286025, "count_datapoints": 30}}}