model,explained_variance,mean_squared_log_error,r2,MAE,MSE,RMSE,count_datapoints
ensemble,0.9989,0.2068,0.9986228627013485,97940.625,21643559244.9375,147117.5014909426,32.0
@covid_nl,0.9968,0.1564,0.9958431370320976,174447.625,65330675457.6875,255598.6609074615,32.0
@kalahiri,0.9989,0.2471,0.9987804124985765,88667.75,19167452923.75,138446.57064640496,32.0
@yorickb,0.9988,0.221,0.9987093276106895,79633.36666666667,17077109859.9,130679.41635888952,30.0
