model,explained_variance,mean_squared_log_error,r2,MAE,MSE,RMSE,count_datapoints
ensemble,0.998,0.2364,0.9976019556526269,99376.21428571429,24144381875.285713,155384.62560783068,28.0
@covid_nl,0.9949,0.1787,0.9939280727229901,160069.17857142858,61134370202.82143,247253.6555904107,28.0
@kalahiri,0.9981,0.2824,0.9978318271035539,99164.07142857143,21829952578.142857,147749.62801355156,28.0
@yorickb,0.9979,0.2456,0.9977875185447888,87323.03703703704,18967528319.25926,137722.6499863376,27.0
