model,explained_variance,mean_squared_log_error,r2,MAE,MSE,RMSE,count_datapoints
ensemble,0.9963,0.0158,0.9952883943061936,23099.277777777777,1495346376.7222223,38669.70877472731,18.0
@covid_nl,0.9942,0.0253,0.9935713228230749,28780.944444444445,2040302128.0555556,45169.70365250978,18.0
@kalahiri,0.9933,0.062,0.992042193700446,27931.666666666668,2525609652.0,50255.444003610195,18.0
@yorickb,0.9958,0.0057,0.9946686565417778,27388.277777777777,1692035718.0555556,41134.361767937466,18.0
