model,explained_variance,mean_squared_log_error,r2,MAE,MSE,RMSE,count_datapoints
ensemble,0.999,0.2005,0.9987504081291799,95628.0303030303,21009081695.363636,144945.09890080325,33.0
@covid_nl,0.9971,0.1517,0.996229818249998,169969.0606060606,63387141227.30303,251768.0305902698,33.0
@kalahiri,0.999,0.2396,0.9988937522873685,86471.27272727272,18599071515.030304,136378.41293632326,33.0
@yorickb,0.9988,0.221,0.9987091116434413,79651.86666666667,17080221636.4,130691.32196286025,30.0
