model,explained_variance,mean_squared_log_error,r2,MAE,MSE,RMSE,count_datapoints
ensemble,0.9989,0.1838,0.998886553976417,101756.27777777778,21564997093.944443,146850.25397984317,36.0
@covid_nl,0.9977,0.139,0.9971449413694908,156249.69444444444,55296197360.19444,235151.434952446,36.0
@kalahiri,0.9972,0.2199,0.997186914475993,135897.80555555556,54483270733.69444,233416.51769678693,36.0
@yorickb,0.9991,0.2009,0.9990929926711205,73342.9696969697,15589882717.030304,124859.45185299471,33.0
