{"people_fully_vaccinated": {"ensemble": {"explained_variance": 0.998, "mean_squared_log_error": 0.2364, "r2": 0.9976019556526269, "MAE": 99376.21428571429, "MSE": 24144381875.285713, "RMSE": 155384.62560783068, "count_datapoints": 28}, "@covid_nl": {"explained_variance": 0.9949, "mean_squared_log_error": 0.1787, "r2": 0.9939280727229901, "MAE": 160069.17857142858, "MSE": 61134370202.82143, "RMSE": 247253.6555904107, "count_datapoints": 28}, "@kalahiri": {"explained_variance": 0.9981, "mean_squared_log_error": 0.2824, "r2": 0.9978318271035539, "MAE": 99164.07142857143, "MSE": 21829952578.142857, "RMSE": 147749.62801355156, "count_datapoints": 28}, "@yorickb": {"explained_variance": 0.9979, "mean_squared_log_error": 0.2456, "r2": 0.9977875185447888, "MAE": 87323.03703703704, "MSE": 18967528319.25926, "RMSE": 137722.6499863376, "count_datapoints": 27}}}