{"people_fully_vaccinated": {"ensemble": {"explained_variance": 0.9988, "mean_squared_log_error": 0.2135, "r2": 0.9984550153129051, "MAE": 100053.45161290323, "MSE": 22374341808.677418, "RMSE": 149580.5529093853, "count_datapoints": 31}, "@covid_nl": {"explained_variance": 0.9964, "mean_squared_log_error": 0.1615, "r2": 0.9953852736289731, "MAE": 175777.7741935484, "MSE": 66830089671.0, "RMSE": 258515.1633289622, "count_datapoints": 31}, "@kalahiri": {"explained_variance": 0.9988, "mean_squared_log_error": 0.255, "r2": 0.9986346948141521, "MAE": 91322.19354838709, "MSE": 19772237975.225807, "RMSE": 140613.79013178547, "count_datapoints": 31}, "@yorickb": {"explained_variance": 0.9986, "mean_squared_log_error": 0.2287, "r2": 0.9984849753249924, "MAE": 82111.24137931035, "MSE": 17664031186.068966, "RMSE": 132906.09913043483, "count_datapoints": 29}}}