{"people_fully_vaccinated": {"ensemble": {"explained_variance": 0.9984, "mean_squared_log_error": 0.2282, "r2": 0.9980395053130531, "MAE": 98515.72413793103, "MSE": 22857636751.931034, "RMSE": 151187.42259834657, "count_datapoints": 29}, "@covid_nl": {"explained_variance": 0.9953, "mean_squared_log_error": 0.1726, "r2": 0.9942076967567852, "MAE": 171689.10344827586, "MSE": 67533140677.17242, "RMSE": 259871.39257173426, "count_datapoints": 29}, "@kalahiri": {"explained_variance": 0.9984, "mean_squared_log_error": 0.2726, "r2": 0.9981880411677625, "MAE": 96973.44827586207, "MSE": 21125839856.896553, "RMSE": 145347.30770432783, "count_datapoints": 29}, "@yorickb": {"explained_variance": 0.9986, "mean_squared_log_error": 0.2287, "r2": 0.9984851715452345, "MAE": 82099.62068965517, "MSE": 17661562049.13793, "RMSE": 132896.80977787965, "count_datapoints": 29}}}