{"people_fully_vaccinated": {"ensemble": {"explained_variance": 0.9972, "mean_squared_log_error": 0.1517, "r2": 0.9934049165381401, "MAE": 322712.18604651163, "MSE": 168240313713.86047, "RMSE": 410171.07859265315, "count_datapoints": 43}, "@covid_nl": {"explained_variance": 0.9948, "mean_squared_log_error": 0.1159, "r2": 0.9886173207878414, "MAE": 415059.511627907, "MSE": 290371688642.3953, "RMSE": 538861.4744462582, "count_datapoints": 43}, "@kalahiri": {"explained_variance": 0.9968, "mean_squared_log_error": 0.1894, "r2": 0.9952607486901441, "MAE": 234263.17073170733, "MSE": 117529314752.0, "RMSE": 342825.48731388105, "count_datapoints": 41}, "@yorickb": {"explained_variance": 0.9968, "mean_squared_log_error": 0.1811, "r2": 0.9931579867950635, "MAE": 301250.97222222225, "MSE": 153811537755.69446, "RMSE": 392188.1407637085, "count_datapoints": 36}}}