model,explained_variance,mean_squared_log_error,r2,MAE,MSE,RMSE,count_datapoints
ensemble,0.9984,0.2282,0.9980395995799101,98513.5172413793,22856446627.58621,151183.4866233287,29.0
@covid_nl,0.9953,0.1726,0.9942079434852517,171687.24137931035,67529995013.586205,259865.34015444655,29.0
@kalahiri,0.9984,0.2726,0.9981880430871711,96974.13793103448,21125733317.103447,145346.94120312078,29.0
@yorickb,0.9986,0.2287,0.9984851927353265,82094.86206896552,17661244632.103447,132895.61554883386,29.0
