{"people_fully_vaccinated": {"ensemble": {"explained_variance": 0.9966, "mean_squared_log_error": 0.0158, "r2": 0.9957834354389616, "MAE": 21712.722222222223, "MSE": 1338232642.6111112, "RMSE": 36581.86220808218, "count_datapoints": 18}, "@covid_nl": {"explained_variance": 0.9942, "mean_squared_log_error": 0.0253, "r2": 0.9935713228230749, "MAE": 28780.944444444445, "MSE": 2040302128.0555556, "RMSE": 45169.70365250978, "count_datapoints": 18}, "@kalahiri": {"explained_variance": 0.9933, "mean_squared_log_error": 0.062, "r2": 0.992042193700446, "MAE": 27931.666666666668, "MSE": 2525609652.0, "RMSE": 50255.444003610195, "count_datapoints": 18}, "@yorickb": {"explained_variance": 0.9963, "mean_squared_log_error": 0.0056, "r2": 0.9956472921076901, "MAE": 23235.055555555555, "MSE": 1381441147.3888888, "RMSE": 37167.74337229648, "count_datapoints": 18}}}