model,explained_variance,mean_squared_log_error,r2,MAE,MSE,RMSE,count_datapoints
ensemble,0.9981,0.1948,0.9979896545290518,114049.91176470589,35721860727.382355,189002.27704285036,34.0
@covid_nl,0.9971,0.1517,0.996229818249998,169969.0606060606,63387141227.30303,251768.0305902698,33.0
@kalahiri,0.9981,0.2327,0.9981212953320803,105162.4705882353,33382733199.411766,182709.42285337055,34.0
@yorickb,0.9988,0.221,0.9987091116434413,79651.86666666667,17080221636.4,130691.32196286025,30.0
