model,explained_variance,mean_squared_log_error,r2,MAE,MSE,RMSE,count_datapoints
ensemble,0.9986,0.2206,0.9982667313238057,99915.53333333334,22753817530.2,150843.68574852578,30.0
@covid_nl,0.9959,0.1669,0.9948414473967314,174980.66666666666,67719890324.46667,260230.4561815674,30.0
@kalahiri,0.9986,0.2635,0.9984441102560294,94087.23333333334,20425241520.633335,142916.9042508035,30.0
@yorickb,0.9986,0.2287,0.9984851715452345,82099.62068965517,17661562049.13793,132896.80977787965,29.0
