{"people_fully_vaccinated": {"ensemble": {"explained_variance": 0.9914, "mean_squared_log_error": 0.2925, "r2": 0.9907465290840817, "MAE": 73803.9, "MSE": 14367010590.4, "RMSE": 119862.46531087202, "count_datapoints": 20}, "@covid_nl": {"explained_variance": 0.9843, "mean_squared_log_error": 0.2527, "r2": 0.983067509683705, "MAE": 96296.95, "MSE": 26289515567.35, "RMSE": 162140.41928942333, "count_datapoints": 20}, "@kalahiri": {"explained_variance": 0.9941, "mean_squared_log_error": 0.3989, "r2": 0.993882985710243, "MAE": 72592.55, "MSE": 9497323748.15, "RMSE": 97454.21359874595, "count_datapoints": 20}, "@yorickb": {"explained_variance": 0.9908, "mean_squared_log_error": 0.1959, "r2": 0.9899958769368985, "MAE": 76301.55, "MSE": 15532478926.15, "RMSE": 124629.36622702533, "count_datapoints": 20}}}