{"people_fully_vaccinated": {"ensemble": {"explained_variance": 0.9967, "mean_squared_log_error": 0.0186, "r2": 0.9958192017690211, "MAE": 13479.6, "MSE": 460431318.53333336, "RMSE": 21457.663398733177, "count_datapoints": 15}, "@covid_nl": {"explained_variance": 0.9961, "mean_squared_log_error": 0.0297, "r2": 0.9956818667356422, "MAE": 15332.2, "MSE": 475556026.06666666, "RMSE": 21807.24709968378, "count_datapoints": 15}, "@kalahiri": {"explained_variance": 0.9936, "mean_squared_log_error": 0.0734, "r2": 0.992863122438669, "MAE": 18385.933333333334, "MSE": 785984341.8, "RMSE": 28035.412281612695, "count_datapoints": 15}, "@yorickb": {"explained_variance": 0.9943, "mean_squared_log_error": 0.0063, "r2": 0.9924294558576929, "MAE": 18043.733333333334, "MSE": 833744043.3333334, "RMSE": 28874.62628906794, "count_datapoints": 15}}}