{"people_fully_vaccinated": {"ensemble": {"explained_variance": 0.9944, "mean_squared_log_error": 0.0289, "r2": 0.9941323156743581, "MAE": 6147.333333333333, "MSE": 62943396.666666664, "RMSE": 7933.687457082404, "count_datapoints": 9}, "@covid_nl": {"explained_variance": 0.9842, "mean_squared_log_error": 0.047, "r2": 0.9838131100552171, "MAE": 9265.777777777777, "MSE": 173638828.8888889, "RMSE": 13177.20869110332, "count_datapoints": 9}, "@kalahiri": {"explained_variance": 0.9825, "mean_squared_log_error": 0.1206, "r2": 0.9817537108682587, "MAE": 11403.444444444445, "MSE": 195730266.1111111, "RMSE": 13990.363330203798, "count_datapoints": 9}, "@yorickb": {"explained_variance": 0.9958, "mean_squared_log_error": 0.0047, "r2": 0.99577160869394, "MAE": 4024.222222222222, "MSE": 45358491.777777776, "RMSE": 6734.871326000058, "count_datapoints": 9}}}