model,explained_variance,mean_squared_log_error,r2,MAE,MSE,RMSE,count_datapoints
ensemble,0.9988,0.1742,0.9988088291909147,110851.47368421052,24617313151.842106,156899.05401831493,38.0
@covid_nl,0.9979,0.1317,0.997464870090586,148279.02631578947,52392223167.86842,228893.4755904336,38.0
@kalahiri,0.9965,0.2085,0.9963212165053804,164577.47368421053,76027522345.36842,275730.8875432138,38.0
@yorickb,0.9992,0.195,0.9991680517651851,72520.41176470589,15187476836.882353,123237.48146112997,34.0
