model,explained_variance,mean_squared_log_error,r2,MAE,MSE,RMSE,count_datapoints
ensemble,0.9908,0.0191,0.9907348482084661,15989.733333333334,785513666.2666667,28027.016720776162,15.0
@covid_nl,0.9851,0.0307,0.9850705743255027,22114.133333333335,1265739424.5333333,35577.231827860545,15.0
@kalahiri,0.9915,0.0735,0.9915106808789004,17970.0,719737392.0,26827.921872556584,15.0
@yorickb,0.9892,0.0066,0.9886141556119878,19212.266666666666,965309211.3333334,31069.425667902735,15.0
