model,explained_variance,mean_squared_log_error,r2,MAE,MSE,RMSE,count_datapoints
ensemble,0.9958,0.3039,0.9954933029077118,71075.72727272728,13369196814.363636,115625.24298077663,22.0
@covid_nl,0.9922,0.2297,0.9916836893609858,94297.81818181818,24670482933.636364,157068.40208532193,22.0
@kalahiri,0.996,0.3626,0.9959915771964716,82035.68181818182,11891057303.863636,109046.12466228975,22.0
@yorickb,0.9956,0.3045,0.9951650897375228,72723.40909090909,14342847001.954546,119761.62574862846,22.0
