model,explained_variance,mean_squared_log_error,r2,MAE,MSE,RMSE,count_datapoints
ensemble,0.9989,0.2068,0.998623689285607,97900.875,21629838524.0,147070.8622535409,32.0
@covid_nl,0.9968,0.1564,0.9958450228027002,174407.5,65298834709.8125,255536.3667069963,32.0
@kalahiri,0.9989,0.2471,0.99878082316111,88656.8125,19160352296.625,138420.92434536407,32.0
@yorickb,0.9988,0.221,0.9987092864038447,79612.1,17077081742.1,130679.30877572011,30.0
