model,explained_variance,mean_squared_log_error,r2,MAE,MSE,RMSE,count_datapoints
ensemble,0.9988,0.1697,0.9987929480072806,114436.15384615384,25597122090.564102,159991.00628024095,39.0
@covid_nl,0.998,0.1283,0.9975844315545278,146573.97435897434,51225299978.64103,226330.0686577924,39.0
@kalahiri,0.9962,0.2032,0.9958996566906132,178525.02564102566,86953162694.46153,294878.2167174468,39.0
@yorickb,0.9993,0.1894,0.999229255834262,71521.65714285715,14794692387.314285,121633.43449608864,35.0
