model,explained_variance,mean_squared_log_error,r2,MAE,MSE,RMSE,count_datapoints
ensemble,0.999,0.2005,0.9987508591221351,95612.60606060606,21001205493.757576,144917.92675082534,33.0
@covid_nl,0.9971,0.1517,0.9962306838230941,169954.18181818182,63371702107.333336,251737.36732422808,33.0
@kalahiri,0.999,0.2396,0.9988940124206203,86467.54545454546,18594437857.0,136361.4236395323,33.0
@yorickb,0.9988,0.221,0.9987093276106895,79633.36666666667,17077109859.9,130679.41635888952,30.0
