{"people_fully_vaccinated": {"ensemble": {"explained_variance": 0.9989, "mean_squared_log_error": 0.2068, "r2": 0.998623689285607, "MAE": 97900.875, "MSE": 21629838524.0, "RMSE": 147070.8622535409, "count_datapoints": 32}, "@covid_nl": {"explained_variance": 0.9968, "mean_squared_log_error": 0.1564, "r2": 0.9958450228027002, "MAE": 174407.5, "MSE": 65298834709.8125, "RMSE": 255536.3667069963, "count_datapoints": 32}, "@kalahiri": {"explained_variance": 0.9989, "mean_squared_log_error": 0.2471, "r2": 0.99878082316111, "MAE": 88656.8125, "MSE": 19160352296.625, "RMSE": 138420.92434536407, "count_datapoints": 32}, "@yorickb": {"explained_variance": 0.9988, "mean_squared_log_error": 0.221, "r2": 0.9987092864038447, "MAE": 79612.1, "MSE": 17077081742.1, "RMSE": 130679.30877572011, "count_datapoints": 30}}}