{"people_fully_vaccinated": {"ensemble": {"explained_variance": 0.9988, "mean_squared_log_error": 0.2135, "r2": 0.9984676457127538, "MAE": 99007.90322580645, "MSE": 22191429391.64516, "RMSE": 148967.88040260613, "count_datapoints": 31}, "@covid_nl": {"explained_variance": 0.9964, "mean_squared_log_error": 0.1615, "r2": 0.9953852736289731, "MAE": 175777.7741935484, "MSE": 66830089671.0, "RMSE": 258515.1633289622, "count_datapoints": 31}, "@kalahiri": {"explained_variance": 0.9988, "mean_squared_log_error": 0.255, "r2": 0.9986346948141521, "MAE": 91322.19354838709, "MSE": 19772237975.225807, "RMSE": 140613.79013178547, "count_datapoints": 31}, "@yorickb": {"explained_variance": 0.9988, "mean_squared_log_error": 0.221, "r2": 0.9987092853357791, "MAE": 79592.76666666666, "MSE": 17076663288.166666, "RMSE": 130677.70769403123, "count_datapoints": 30}}}