model,explained_variance,mean_squared_log_error,r2,MAE,MSE,RMSE,count_datapoints
ensemble,0.996,0.0198,0.9951742212329757,11161.857142857143,342649185.28571427,18510.78564744658,14.0
@covid_nl,0.9936,0.0318,0.9928789653671094,15899.357142857143,505621337.64285713,22486.025385622448,14.0
@kalahiri,0.9952,0.0782,0.9950292382847611,13788.07142857143,352943542.21428573,18786.791695611195,14.0
@yorickb,0.9917,0.0066,0.9896917508080894,15937.5,731926049.2142857,27054.13183257385,14.0
