{"people_fully_vaccinated": {"ensemble": {"explained_variance": 0.999, "mean_squared_log_error": 0.2005, "r2": 0.9987508591221351, "MAE": 95612.60606060606, "MSE": 21001205493.757576, "RMSE": 144917.92675082534, "count_datapoints": 33}, "@covid_nl": {"explained_variance": 0.9971, "mean_squared_log_error": 0.1517, "r2": 0.9962306838230941, "MAE": 169954.18181818182, "MSE": 63371702107.333336, "RMSE": 251737.36732422808, "count_datapoints": 33}, "@kalahiri": {"explained_variance": 0.999, "mean_squared_log_error": 0.2396, "r2": 0.9988940124206203, "MAE": 86467.54545454546, "MSE": 18594437857.0, "RMSE": 136361.4236395323, "count_datapoints": 33}, "@yorickb": {"explained_variance": 0.9988, "mean_squared_log_error": 0.221, "r2": 0.9987093276106895, "MAE": 79633.36666666667, "MSE": 17077109859.9, "RMSE": 130679.41635888952, "count_datapoints": 30}}}