model,explained_variance,mean_squared_log_error,r2,MAE,MSE,RMSE,count_datapoints
ensemble,0.9957,0.0147,0.9943017116467615,36634.75,4059629622.15,63715.22284470172,20.0
@covid_nl,0.9936,0.0233,0.9922416010276823,44896.75,5527313525.75,74345.90456608891,20.0
@kalahiri,0.9961,0.0561,0.9949578323328003,35366.65,3592189786.25,59934.8795464711,20.0
@yorickb,0.9937,0.0058,0.991933614021576,42953.45,5746732603.15,75807.20680218999,20.0
