model,explained_variance,mean_squared_log_error,r2,MAE,MSE,RMSE,count_datapoints
ensemble,0.9965,0.0457,0.9904981232701211,402874.86666666664,249304191521.97778,499303.70669761486,45.0
@covid_nl,0.9942,0.0355,0.9855126581141724,488318.5777777778,380109651895.55554,616530.333313419,45.0
@kalahiri,0.9957,0.0645,0.9926928182443873,290244.14634146343,182672500067.26828,427402.03563772165,41.0
@yorickb,0.9961,0.0552,0.9902109229583409,382746.02702702704,230809468924.2973,480426.34078940476,37.0
