model,explained_variance,mean_squared_log_error,r2,MAE,MSE,RMSE,count_datapoints
ensemble,0.9989,0.1891,0.9988596874301571,98971.05714285714,21178529246.485714,145528.44823774393,35.0
@covid_nl,0.9976,0.143,0.9969573165940093,159093.8,56510435126.08572,237719.2359193629,35.0
@kalahiri,0.9977,0.2261,0.9976459057226338,121867.68571428572,43721568823.057144,209097.03207615632,35.0
@yorickb,0.999,0.2072,0.9989686384946852,76289.0625,16495752128.8125,128435.78990613364,32.0
