{"people_fully_vaccinated": {"ensemble": {"explained_variance": 0.9965, "mean_squared_log_error": 0.0158, "r2": 0.9955756636891877, "MAE": 22370.38888888889, "MSE": 1404174224.6111112, "RMSE": 37472.312773714824, "count_datapoints": 18}, "@covid_nl": {"explained_variance": 0.9942, "mean_squared_log_error": 0.0253, "r2": 0.9935713228230749, "MAE": 28780.944444444445, "MSE": 2040302128.0555556, "RMSE": 45169.70365250978, "count_datapoints": 18}, "@kalahiri": {"explained_variance": 0.9933, "mean_squared_log_error": 0.062, "r2": 0.992042193700446, "MAE": 27931.666666666668, "MSE": 2525609652.0, "RMSE": 50255.444003610195, "count_datapoints": 18}, "@yorickb": {"explained_variance": 0.9963, "mean_squared_log_error": 0.0056, "r2": 0.9954270494513926, "MAE": 25204.944444444445, "MSE": 1451340684.7222223, "RMSE": 38096.46551482463, "count_datapoints": 18}}}