{"people_fully_vaccinated": {"ensemble": {"explained_variance": 0.9988, "mean_squared_log_error": 0.1947, "r2": 0.9986116999560173, "MAE": 104031.9705882353, "MSE": 24668725617.382355, "RMSE": 157062.80787437348, "count_datapoints": 34}, "@covid_nl": {"explained_variance": 0.9971, "mean_squared_log_error": 0.1517, "r2": 0.996229818249998, "MAE": 169969.0606060606, "MSE": 63387141227.30303, "RMSE": 251768.0305902698, "count_datapoints": 33}, "@kalahiri": {"explained_variance": 0.9981, "mean_squared_log_error": 0.2327, "r2": 0.9981212953320803, "MAE": 105162.4705882353, "MSE": 33382733199.411766, "RMSE": 182709.42285337055, "count_datapoints": 34}, "@yorickb": {"explained_variance": 0.9989, "mean_squared_log_error": 0.2139, "r2": 0.9988728135761018, "MAE": 78424.6129032258, "MSE": 16585090049.709677, "RMSE": 128783.11243990679, "count_datapoints": 31}}}