{"people_fully_vaccinated": {"ensemble": {"explained_variance": 0.9984, "mean_squared_log_error": 0.2282, "r2": 0.998111874766675, "MAE": 94184.5172413793, "MSE": 22013785132.58621, "RMSE": 148370.4321372227, "count_datapoints": 29}, "@covid_nl": {"explained_variance": 0.9949, "mean_squared_log_error": 0.1787, "r2": 0.9939212457138097, "MAE": 160159.42857142858, "MSE": 61209758222.78571, "RMSE": 247406.05938979285, "count_datapoints": 28}, "@kalahiri": {"explained_variance": 0.9984, "mean_squared_log_error": 0.2726, "r2": 0.9981880430871711, "MAE": 96974.13793103448, "MSE": 21125733317.103447, "RMSE": 145346.94120312078, "count_datapoints": 29}, "@yorickb": {"explained_variance": 0.9983, "mean_squared_log_error": 0.2368, "r2": 0.9981848690241053, "MAE": 84304.25, "MSE": 18277384303.82143, "RMSE": 135193.87672458185, "count_datapoints": 28}}}