{"people_fully_vaccinated": {"ensemble": {"explained_variance": 0.9987, "mean_squared_log_error": 0.1742, "r2": 0.9987383461296175, "MAE": 113612.3947368421, "MSE": 26073950250.92105, "RMSE": 161474.30213789764, "count_datapoints": 38}, "@covid_nl": {"explained_variance": 0.9978, "mean_squared_log_error": 0.1352, "r2": 0.9973171359646905, "MAE": 152244.37837837837, "MSE": 53808163342.10811, "RMSE": 231965.86676084073, "count_datapoints": 37}, "@kalahiri": {"explained_variance": 0.9965, "mean_squared_log_error": 0.2085, "r2": 0.9963212165053804, "MAE": 164577.47368421053, "MSE": 76027522345.36842, "RMSE": 275730.8875432138, "count_datapoints": 38}, "@yorickb": {"explained_variance": 0.9992, "mean_squared_log_error": 0.195, "r2": 0.9991680517651851, "MAE": 72520.41176470589, "MSE": 15187476836.882353, "RMSE": 123237.48146112997, "count_datapoints": 34}}}