{"people_fully_vaccinated": {"ensemble": {"explained_variance": 0.9989, "mean_squared_log_error": 0.2068, "r2": 0.9986228627013485, "MAE": 97940.625, "MSE": 21643559244.9375, "RMSE": 147117.5014909426, "count_datapoints": 32}, "@covid_nl": {"explained_variance": 0.9968, "mean_squared_log_error": 0.1564, "r2": 0.9958431370320976, "MAE": 174447.625, "MSE": 65330675457.6875, "RMSE": 255598.6609074615, "count_datapoints": 32}, "@kalahiri": {"explained_variance": 0.9989, "mean_squared_log_error": 0.2471, "r2": 0.9987804124985765, "MAE": 88667.75, "MSE": 19167452923.75, "RMSE": 138446.57064640496, "count_datapoints": 32}, "@yorickb": {"explained_variance": 0.9988, "mean_squared_log_error": 0.221, "r2": 0.9987093276106895, "MAE": 79633.36666666667, "MSE": 17077109859.9, "RMSE": 130679.41635888952, "count_datapoints": 30}}}