model,explained_variance,mean_squared_log_error,r2,MAE,MSE,RMSE,count_datapoints
ensemble,0.9953,0.0244,0.9946936978047225,8101.454545454545,144860778.36363637,12035.812326703852,11.0
@covid_nl,0.9872,0.0396,0.9870307072406316,13742.272727272728,354058584.45454544,18816.44452213397,11.0
@kalahiri,0.9936,0.0987,0.9934692992516916,10977.818181818182,178286565.45454547,13352.39923963276,11.0
@yorickb,0.9829,0.0073,0.9801876485490482,11626.0,540872446.9090909,23256.66456973336,11.0
