{"people_fully_vaccinated": {"ensemble": {"explained_variance": 0.9914, "mean_squared_log_error": 0.2925, "r2": 0.9907478370785987, "MAE": 73810.9, "MSE": 14364482377.3, "RMSE": 119851.91853825285, "count_datapoints": 20}, "@covid_nl": {"explained_variance": 0.9843, "mean_squared_log_error": 0.2527, "r2": 0.983069977244512, "MAE": 96292.45, "MSE": 26284774228.95, "RMSE": 162125.7975429882, "count_datapoints": 20}, "@kalahiri": {"explained_variance": 0.9941, "mean_squared_log_error": 0.3989, "r2": 0.9938831927416832, "MAE": 72587.85, "MSE": 9496673460.45, "RMSE": 97450.87716613946, "count_datapoints": 20}, "@yorickb": {"explained_variance": 0.9908, "mean_squared_log_error": 0.1959, "r2": 0.9899969414409908, "MAE": 76304.45, "MSE": 15530288388.85, "RMSE": 124620.57771030434, "count_datapoints": 20}}}