{"people_fully_vaccinated": {"ensemble": {"explained_variance": 0.9988, "mean_squared_log_error": 0.1742, "r2": 0.9988088291909147, "MAE": 110851.47368421052, "MSE": 24617313151.842106, "RMSE": 156899.05401831493, "count_datapoints": 38}, "@covid_nl": {"explained_variance": 0.9979, "mean_squared_log_error": 0.1317, "r2": 0.997464870090586, "MAE": 148279.02631578947, "MSE": 52392223167.86842, "RMSE": 228893.4755904336, "count_datapoints": 38}, "@kalahiri": {"explained_variance": 0.9965, "mean_squared_log_error": 0.2085, "r2": 0.9963212165053804, "MAE": 164577.47368421053, "MSE": 76027522345.36842, "RMSE": 275730.8875432138, "count_datapoints": 38}, "@yorickb": {"explained_variance": 0.9992, "mean_squared_log_error": 0.195, "r2": 0.9991680517651851, "MAE": 72520.41176470589, "MSE": 15187476836.882353, "RMSE": 123237.48146112997, "count_datapoints": 34}}}