{"people_fully_vaccinated": {"ensemble": {"explained_variance": 0.9965, "mean_squared_log_error": 0.0416, "r2": 0.9904832593067429, "MAE": 407499.67391304346, "MSE": 251817319668.5, "RMSE": 501814.02896740544, "count_datapoints": 46}, "@covid_nl": {"explained_variance": 0.9944, "mean_squared_log_error": 0.0327, "r2": 0.9856461820045979, "MAE": 490992.82608695654, "MSE": 379808601612.1739, "RMSE": 616286.1361511988, "count_datapoints": 46}, "@kalahiri": {"explained_variance": 0.9957, "mean_squared_log_error": 0.0602, "r2": 0.9926817052034962, "MAE": 290679.243902439, "MSE": 182920561244.07318, "RMSE": 427692.13371778675, "count_datapoints": 41}, "@yorickb": {"explained_variance": 0.9961, "mean_squared_log_error": 0.0513, "r2": 0.9901958975644546, "MAE": 383345.4324324324, "MSE": 231125732344.2973, "RMSE": 480755.37682307546, "count_datapoints": 37}}}