model,explained_variance,mean_squared_log_error,r2,MAE,MSE,RMSE,count_datapoints
ensemble,0.9988,0.2135,0.9984550153129051,100053.45161290323,22374341808.677418,149580.5529093853,31.0
@covid_nl,0.9964,0.1615,0.9953852736289731,175777.7741935484,66830089671.0,258515.1633289622,31.0
@kalahiri,0.9988,0.255,0.9986346948141521,91322.19354838709,19772237975.225807,140613.79013178547,31.0
@yorickb,0.9986,0.2287,0.9984849753249924,82111.24137931035,17664031186.068966,132906.09913043483,29.0
