{"people_fully_vaccinated": {"ensemble": {"explained_variance": 0.9924, "mean_squared_log_error": 0.0266, "r2": 0.9912315047259836, "MAE": 8750.6, "MSE": 160204297.0, "RMSE": 12657.183612478726, "count_datapoints": 10}, "@covid_nl": {"explained_variance": 0.9852, "mean_squared_log_error": 0.0432, "r2": 0.9835064473771379, "MAE": 12148.0, "MSE": 301344520.4, "RMSE": 17359.277646261668, "count_datapoints": 10}, "@kalahiri": {"explained_variance": 0.9895, "mean_squared_log_error": 0.1086, "r2": 0.9893952622121475, "MAE": 11589.6, "MSE": 193753262.0, "RMSE": 13919.52808108091, "count_datapoints": 10}, "@yorickb": {"explained_variance": 0.9726, "mean_squared_log_error": 0.0079, "r2": 0.9696145606330261, "MAE": 10793.5, "MSE": 555155451.5, "RMSE": 23561.737022129757, "count_datapoints": 10}}}