{"people_fully_vaccinated": {"ensemble": {"explained_variance": 0.9988, "mean_squared_log_error": 0.1655, "r2": 0.9988323136245426, "MAE": 114587.15, "MSE": 25319710029.05, "RMSE": 159121.68308891784, "count_datapoints": 40}, "@covid_nl": {"explained_variance": 0.998, "mean_squared_log_error": 0.1251, "r2": 0.9976797987108791, "MAE": 145922.425, "MSE": 50310447295.025, "RMSE": 224299.9048038697, "count_datapoints": 40}, "@kalahiri": {"explained_variance": 0.9962, "mean_squared_log_error": 0.2032, "r2": 0.9958999051701054, "MAE": 178519.97435897434, "MSE": 86948222247.66667, "RMSE": 294869.8395015446, "count_datapoints": 39}, "@yorickb": {"explained_variance": 0.9993, "mean_squared_log_error": 0.1894, "r2": 0.9992292470246295, "MAE": 71524.74285714286, "MSE": 14794929440.4, "RMSE": 121634.40894911275, "count_datapoints": 35}}}