{"people_fully_vaccinated": {"ensemble": {"explained_variance": 0.995, "mean_squared_log_error": 0.0167, "r2": 0.9940709816427898, "MAE": 20391.647058823528, "MSE": 1301369164.235294, "RMSE": 36074.49464975628, "count_datapoints": 17}, "@covid_nl": {"explained_variance": 0.995, "mean_squared_log_error": 0.0265, "r2": 0.9947505709152814, "MAE": 22773.235294117647, "MSE": 1152205091.8235295, "RMSE": 33944.14665039511, "count_datapoints": 17}, "@kalahiri": {"explained_variance": 0.9898, "mean_squared_log_error": 0.0657, "r2": 0.9878171623402718, "MAE": 29482.176470588234, "MSE": 2674029376.882353, "RMSE": 51711.01794475093, "count_datapoints": 17}, "@yorickb": {"explained_variance": 0.9945, "mean_squared_log_error": 0.0059, "r2": 0.9933359499296102, "MAE": 24601.058823529413, "MSE": 1462702381.4117646, "RMSE": 38245.292277766224, "count_datapoints": 17}}}