model,explained_variance,mean_squared_log_error,r2,MAE,MSE,RMSE,count_datapoints
ensemble,0.9987,0.1891,0.9986381541917206,106376.8,25292969702.0,159037.63611799566,35.0
@covid_nl,0.9971,0.1517,0.996431096808598,166013.69696969696,59707299266.42424,244350.77095524836,33.0
@kalahiri,0.9977,0.2261,0.9976459057226338,121867.68571428572,43721568823.057144,209097.03207615632,35.0
@yorickb,0.999,0.2072,0.9989686384946852,76289.0625,16495752128.8125,128435.78990613364,32.0
