model,explained_variance,mean_squared_log_error,r2,MAE,MSE,RMSE,count_datapoints
ensemble,0.9964,0.2905,0.9963037849139663,75636.78260869565,13970545598.26087,118197.06256189648,23.0
@covid_nl,0.9935,0.2196,0.9933589577470153,99196.65217391304,25101078117.95652,158433.19765111263,23.0
@kalahiri,0.9965,0.3467,0.9965165808687414,82995.21739130435,13166242948.086956,114744.25017440724,23.0
@yorickb,0.9964,0.2911,0.9962179562693735,75536.43478260869,14294951230.782608,119561.49560281775,23.0
