model,explained_variance,mean_squared_log_error,r2,MAE,MSE,RMSE,count_datapoints
ensemble,0.9968,0.1591,0.9926949595268963,332279.756097561,181246281614.92682,425730.29210396437,41.0
@covid_nl,0.9943,0.1215,0.9878404648628475,417072.1219512195,301691761721.14636,549264.7464758196,41.0
@kalahiri,0.9966,0.1992,0.9945623417951722,245445.76923076922,129442921149.97437,359781.76878487656,39.0
@yorickb,0.9966,0.1862,0.9928942715730875,298320.7428571429,153379625559.42856,391637.1095279769,35.0
