model,explained_variance,mean_squared_log_error,r2,MAE,MSE,RMSE,count_datapoints
ensemble,0.997,0.1553,0.9930343337292303,328828.7619047619,175420934190.66666,418832.8236786924,42.0
@covid_nl,0.9946,0.1186,0.9882826924042111,415413.28571428574,295084628627.4286,543216.925939747,42.0
@kalahiri,0.9967,0.1942,0.994940136356879,239426.925,123125148648.475,350891.9330056977,40.0
@yorickb,0.9967,0.1811,0.992983816464927,305146.47222222225,157989067599.80554,397478.3863303834,36.0
