model,explained_variance,mean_squared_log_error,r2,MAE,MSE,RMSE,count_datapoints
ensemble,0.9988,0.1947,0.9986116999560173,104031.9705882353,24668725617.382355,157062.80787437348,34.0
@covid_nl,0.9971,0.1517,0.996229818249998,169969.0606060606,63387141227.30303,251768.0305902698,33.0
@kalahiri,0.9981,0.2327,0.9981212953320803,105162.4705882353,33382733199.411766,182709.42285337055,34.0
@yorickb,0.9989,0.2139,0.9988728135761018,78424.6129032258,16585090049.709677,128783.11243990679,31.0
