model,explained_variance,mean_squared_log_error,r2,MAE,MSE,RMSE,count_datapoints
ensemble,0.9914,0.3344,0.9906893523416813,74676.55,14455783643.35,120232.20717989835,20.0
@covid_nl,0.9843,0.2527,0.983067509683705,96296.95,26289515567.35,162140.41928942333,20.0
@kalahiri,0.9941,0.3989,0.993882985710243,72592.55,9497323748.15,97454.21359874595,20.0
@yorickb,0.9907,0.3351,0.9898464724777886,78916.55,15764445446.15,125556.54282493604,20.0
