{"people_fully_vaccinated": {"ensemble": {"explained_variance": 0.9988, "mean_squared_log_error": 0.1697, "r2": 0.9987929480072806, "MAE": 114436.15384615384, "MSE": 25597122090.564102, "RMSE": 159991.00628024095, "count_datapoints": 39}, "@covid_nl": {"explained_variance": 0.998, "mean_squared_log_error": 0.1283, "r2": 0.9975844315545278, "MAE": 146573.97435897434, "MSE": 51225299978.64103, "RMSE": 226330.0686577924, "count_datapoints": 39}, "@kalahiri": {"explained_variance": 0.9962, "mean_squared_log_error": 0.2032, "r2": 0.9958996566906132, "MAE": 178525.02564102566, "MSE": 86953162694.46153, "RMSE": 294878.2167174468, "count_datapoints": 39}, "@yorickb": {"explained_variance": 0.9993, "mean_squared_log_error": 0.1894, "r2": 0.999229255834262, "MAE": 71521.65714285715, "MSE": 14794692387.314285, "RMSE": 121633.43449608864, "count_datapoints": 35}}}