{"people_fully_vaccinated": {"ensemble": {"explained_variance": 0.9934, "mean_squared_log_error": 0.0514, "r2": 0.9932064434381506, "MAE": 6804.666666666667, "MSE": 72875346.0, "RMSE": 8536.70580493436, "count_datapoints": 9}, "@covid_nl": {"explained_variance": 0.9842, "mean_squared_log_error": 0.047, "r2": 0.9838131100552171, "MAE": 9265.777777777777, "MSE": 173638828.8888889, "RMSE": 13177.20869110332, "count_datapoints": 9}, "@kalahiri": {"explained_variance": 0.9825, "mean_squared_log_error": 0.1206, "r2": 0.9817537108682587, "MAE": 11403.444444444445, "MSE": 195730266.1111111, "RMSE": 13990.363330203798, "count_datapoints": 9}, "@yorickb": {"explained_variance": 0.9928, "mean_squared_log_error": 0.0085, "r2": 0.992736891643645, "MAE": 7243.6, "MSE": 81645285.2, "RMSE": 9035.778062790167, "count_datapoints": 5}}}