{"people_fully_vaccinated": {"ensemble": {"explained_variance": 0.9914, "mean_squared_log_error": 0.3344, "r2": 0.9906893523416813, "MAE": 74676.55, "MSE": 14455783643.35, "RMSE": 120232.20717989835, "count_datapoints": 20}, "@covid_nl": {"explained_variance": 0.9843, "mean_squared_log_error": 0.2527, "r2": 0.983067509683705, "MAE": 96296.95, "MSE": 26289515567.35, "RMSE": 162140.41928942333, "count_datapoints": 20}, "@kalahiri": {"explained_variance": 0.9941, "mean_squared_log_error": 0.3989, "r2": 0.993882985710243, "MAE": 72592.55, "MSE": 9497323748.15, "RMSE": 97454.21359874595, "count_datapoints": 20}, "@yorickb": {"explained_variance": 0.9907, "mean_squared_log_error": 0.3351, "r2": 0.9898464724777886, "MAE": 78916.55, "MSE": 15764445446.15, "RMSE": 125556.54282493604, "count_datapoints": 20}}}