{"people_fully_vaccinated": {"ensemble": {"explained_variance": 0.9988, "mean_squared_log_error": 0.2135, "r2": 0.9984788160623513, "MAE": 96967.12903225806, "MSE": 22029661302.870968, "RMSE": 148423.9242941345, "count_datapoints": 31}, "@covid_nl": {"explained_variance": 0.9959, "mean_squared_log_error": 0.1669, "r2": 0.994840397772927, "MAE": 174996.7, "MSE": 67734938523.36667, "RMSE": 260259.36779176013, "count_datapoints": 30}, "@kalahiri": {"explained_variance": 0.9988, "mean_squared_log_error": 0.255, "r2": 0.9986346948141521, "MAE": 91322.19354838709, "MSE": 19772237975.225807, "RMSE": 140613.79013178547, "count_datapoints": 31}, "@yorickb": {"explained_variance": 0.9986, "mean_squared_log_error": 0.2287, "r2": 0.9984849753249924, "MAE": 82111.24137931035, "MSE": 17664031186.068966, "RMSE": 132906.09913043483, "count_datapoints": 29}}}