{"people_fully_vaccinated": {"ensemble": {"explained_variance": 0.9974, "mean_squared_log_error": 0.0174, "r2": 0.9969466295619688, "MAE": 14080.625, "MSE": 464993437.125, "RMSE": 21563.706479290613, "count_datapoints": 16}, "@covid_nl": {"explained_variance": 0.995, "mean_squared_log_error": 0.028, "r2": 0.9949823804697938, "MAE": 18834.125, "MSE": 764126135.0, "RMSE": 27642.831530073036, "count_datapoints": 16}, "@kalahiri": {"explained_variance": 0.995, "mean_squared_log_error": 0.0689, "r2": 0.9941991482764543, "MAE": 20263.1875, "MSE": 883403450.6875, "RMSE": 29722.103739262806, "count_datapoints": 16}, "@yorickb": {"explained_variance": 0.9947, "mean_squared_log_error": 0.006, "r2": 0.9939743907548014, "MAE": 19831.4375, "MSE": 917631453.6875, "RMSE": 30292.43228411182, "count_datapoints": 16}}}