{"people_fully_vaccinated": {"ensemble": {"explained_variance": 0.9984, "mean_squared_log_error": 0.2282, "r2": 0.9980395995799101, "MAE": 98513.5172413793, "MSE": 22856446627.58621, "RMSE": 151183.4866233287, "count_datapoints": 29}, "@covid_nl": {"explained_variance": 0.9953, "mean_squared_log_error": 0.1726, "r2": 0.9942079434852517, "MAE": 171687.24137931035, "MSE": 67529995013.586205, "RMSE": 259865.34015444655, "count_datapoints": 29}, "@kalahiri": {"explained_variance": 0.9984, "mean_squared_log_error": 0.2726, "r2": 0.9981880430871711, "MAE": 96974.13793103448, "MSE": 21125733317.103447, "RMSE": 145346.94120312078, "count_datapoints": 29}, "@yorickb": {"explained_variance": 0.9986, "mean_squared_log_error": 0.2287, "r2": 0.9984851927353265, "MAE": 82094.86206896552, "MSE": 17661244632.103447, "RMSE": 132895.61554883386, "count_datapoints": 29}}}