model,explained_variance,mean_squared_log_error,r2,MAE,MSE,RMSE,count_datapoints
ensemble,0.9984,0.2282,0.998111874766675,94184.5172413793,22013785132.58621,148370.4321372227,29.0
@covid_nl,0.9949,0.1787,0.9939212457138097,160159.42857142858,61209758222.78571,247406.05938979285,28.0
@kalahiri,0.9984,0.2726,0.9981880430871711,96974.13793103448,21125733317.103447,145346.94120312078,29.0
@yorickb,0.9983,0.2368,0.9981848690241053,84304.25,18277384303.82143,135193.87672458185,28.0
