model,explained_variance,mean_squared_log_error,r2,MAE,MSE,RMSE,count_datapoints
ensemble,0.9966,0.0158,0.9957834354389616,21712.722222222223,1338232642.6111112,36581.86220808218,18.0
@covid_nl,0.9942,0.0253,0.9935713228230749,28780.944444444445,2040302128.0555556,45169.70365250978,18.0
@kalahiri,0.9933,0.062,0.992042193700446,27931.666666666668,2525609652.0,50255.444003610195,18.0
@yorickb,0.9963,0.0056,0.9956472921076901,23235.055555555555,1381441147.3888888,37167.74337229648,18.0
