{"people_fully_vaccinated": {"ensemble": {"explained_variance": 0.9957, "mean_squared_log_error": 0.0147, "r2": 0.9943017116467615, "MAE": 36634.75, "MSE": 4059629622.15, "RMSE": 63715.22284470172, "count_datapoints": 20}, "@covid_nl": {"explained_variance": 0.9936, "mean_squared_log_error": 0.0233, "r2": 0.9922416010276823, "MAE": 44896.75, "MSE": 5527313525.75, "RMSE": 74345.90456608891, "count_datapoints": 20}, "@kalahiri": {"explained_variance": 0.9961, "mean_squared_log_error": 0.0561, "r2": 0.9949578323328003, "MAE": 35366.65, "MSE": 3592189786.25, "RMSE": 59934.8795464711, "count_datapoints": 20}, "@yorickb": {"explained_variance": 0.9937, "mean_squared_log_error": 0.0058, "r2": 0.991933614021576, "MAE": 42953.45, "MSE": 5746732603.15, "RMSE": 75807.20680218999, "count_datapoints": 20}}}