{"people_fully_vaccinated": {"ensemble": {"explained_variance": 0.9908, "mean_squared_log_error": 0.0181, "r2": 0.9907483806107874, "MAE": 18625.6875, "MSE": 947867013.6875, "RMSE": 30787.4489636199, "count_datapoints": 16}, "@covid_nl": {"explained_variance": 0.976, "mean_squared_log_error": 0.0301, "r2": 0.9750054390183435, "MAE": 29999.4375, "MSE": 2560797075.5625, "RMSE": 50604.318744179334, "count_datapoints": 16}, "@kalahiri": {"explained_variance": 0.9926, "mean_squared_log_error": 0.069, "r2": 0.9925523451459878, "MAE": 19195.9375, "MSE": 763043319.0625, "RMSE": 27623.238750416287, "count_datapoints": 16}, "@yorickb": {"explained_variance": 0.9887, "mean_squared_log_error": 0.0064, "r2": 0.988659493807295, "MAE": 22018.5625, "MSE": 1161882183.6875, "RMSE": 34086.392940402184, "count_datapoints": 16}}}