{"people_fully_vaccinated": {"ensemble": {"explained_variance": 0.9968, "mean_squared_log_error": 0.2666, "r2": 0.9964966572689314, "MAE": 90591.92, "MSE": 20681723859.28, "RMSE": 143811.4176944237, "count_datapoints": 25}, "@covid_nl": {"explained_variance": 0.993, "mean_squared_log_error": 0.2016, "r2": 0.9926151711314226, "MAE": 126893.48, "MSE": 43595789259.64, "RMSE": 208796.04704026366, "count_datapoints": 25}, "@kalahiri": {"explained_variance": 0.9967, "mean_squared_log_error": 0.3182, "r2": 0.9965093275934301, "MAE": 97614.68, "MSE": 20606925538.76, "RMSE": 143551.1251741344, "count_datapoints": 25}, "@yorickb": {"explained_variance": 0.9974, "mean_squared_log_error": 0.2671, "r2": 0.99718230183471, "MAE": 78089.84, "MSE": 16634072041.12, "RMSE": 128973.14465081481, "count_datapoints": 25}}}