model,explained_variance,mean_squared_log_error,r2,MAE,MSE,RMSE,count_datapoints
ensemble,0.9944,0.0289,0.9941323156743581,6147.333333333333,62943396.666666664,7933.687457082404,9.0
@covid_nl,0.9842,0.047,0.9838131100552171,9265.777777777777,173638828.8888889,13177.20869110332,9.0
@kalahiri,0.9825,0.1206,0.9817537108682587,11403.444444444445,195730266.1111111,13990.363330203798,9.0
@yorickb,0.9958,0.0047,0.99577160869394,4024.222222222222,45358491.777777776,6734.871326000058,9.0
