model,explained_variance,mean_squared_log_error,r2,MAE,MSE,RMSE,count_datapoints
ensemble,0.9988,0.2135,0.9984788160623513,96967.12903225806,22029661302.870968,148423.9242941345,31.0
@covid_nl,0.9959,0.1669,0.994840397772927,174996.7,67734938523.36667,260259.36779176013,30.0
@kalahiri,0.9988,0.255,0.9986346948141521,91322.19354838709,19772237975.225807,140613.79013178547,31.0
@yorickb,0.9986,0.2287,0.9984849753249924,82111.24137931035,17664031186.068966,132906.09913043483,29.0
