model,explained_variance,mean_squared_log_error,r2,MAE,MSE,RMSE,count_datapoints
ensemble,0.9981,0.2364,0.9977420319215504,96222.89285714286,22734043099.75,150778.12540202905,28.0
@covid_nl,0.9949,0.1787,0.9939280727229901,160069.17857142858,61134370202.82143,247253.6555904107,28.0
@kalahiri,0.9981,0.2824,0.9978318271035539,99164.07142857143,21829952578.142857,147749.62801355156,28.0
@yorickb,0.9983,0.2368,0.998183370722536,84318.85714285714,18290483680.57143,135242.3146820973,28.0
