{"people_fully_vaccinated": {"ensemble": {"explained_variance": 0.9989, "mean_squared_log_error": 0.2068, "r2": 0.998631994073115, "MAE": 96094.1875, "MSE": 21498930710.875, "RMSE": 146625.1366951622, "count_datapoints": 32}, "@covid_nl": {"explained_variance": 0.9964, "mean_squared_log_error": 0.1615, "r2": 0.9953852004200693, "MAE": 175780.35483870967, "MSE": 66831487529.70968, "RMSE": 258517.8669448394, "count_datapoints": 31}, "@kalahiri": {"explained_variance": 0.9989, "mean_squared_log_error": 0.2471, "r2": 0.9987811047534926, "MAE": 88650.03125, "MSE": 19155578154.65625, "RMSE": 138403.6782555155, "count_datapoints": 32}, "@yorickb": {"explained_variance": 0.9988, "mean_squared_log_error": 0.221, "r2": 0.9987094275443877, "MAE": 79594.8, "MSE": 17074882745.6, "RMSE": 130670.89479145691, "count_datapoints": 30}}}