model,explained_variance,mean_squared_log_error,r2,MAE,MSE,RMSE,count_datapoints
ensemble,0.9965,0.0158,0.9955756636891877,22370.38888888889,1404174224.6111112,37472.312773714824,18.0
@covid_nl,0.9942,0.0253,0.9935713228230749,28780.944444444445,2040302128.0555556,45169.70365250978,18.0
@kalahiri,0.9933,0.062,0.992042193700446,27931.666666666668,2525609652.0,50255.444003610195,18.0
@yorickb,0.9963,0.0056,0.9954270494513926,25204.944444444445,1451340684.7222223,38096.46551482463,18.0
