model,explained_variance,mean_squared_log_error,r2,MAE,MSE,RMSE,count_datapoints
ensemble,0.9989,0.2068,0.9986242220415528,97878.34375,21621072263.59375,147041.0563876421,32.0
@covid_nl,0.9968,0.1564,0.9958461223527887,174385.09375,65280366088.90625,255500.22717975467,32.0
@kalahiri,0.9989,0.2471,0.9987811047534926,88650.03125,19155578154.65625,138403.6782555155,32.0
@yorickb,0.9988,0.221,0.9987094275443877,79594.8,17074882745.6,130670.89479145691,30.0
