model,explained_variance,mean_squared_log_error,r2,MAE,MSE,RMSE,count_datapoints
ensemble,0.9965,0.0416,0.9904832593067429,407499.67391304346,251817319668.5,501814.02896740544,46.0
@covid_nl,0.9944,0.0327,0.9856461820045979,490992.82608695654,379808601612.1739,616286.1361511988,46.0
@kalahiri,0.9957,0.0602,0.9926817052034962,290679.243902439,182920561244.07318,427692.13371778675,41.0
@yorickb,0.9961,0.0513,0.9901958975644546,383345.4324324324,231125732344.2973,480755.37682307546,37.0
