metric,ensemble,@covid_nl,@kalahiri,@yorickb
explained_variance,0.9934,0.9842,0.9825,0.9928
mean_squared_log_error,0.0514,0.047,0.1206,0.0085
r2,0.9932064434381506,0.9838131100552171,0.9817537108682587,0.992736891643645
MAE,6804.666666666667,9265.777777777777,11403.444444444445,7243.6
MSE,72875346.0,173638828.8888889,195730266.1111111,81645285.2
RMSE,8536.70580493436,13177.20869110332,13990.363330203798,9035.778062790167
count_datapoints,9.0,9.0,9.0,5.0
