{"people_fully_vaccinated": {"ensemble": {"explained_variance": 0.9919, "mean_squared_log_error": 0.0231, "r2": 0.9900993113194075, "MAE": 12085.25, "MSE": 393735657.4166667, "RMSE": 19842.773430563248, "count_datapoints": 12}, "@covid_nl": {"explained_variance": 0.9866, "mean_squared_log_error": 0.0371, "r2": 0.9854717773874679, "MAE": 17190.666666666668, "MSE": 577765796.5, "RMSE": 24036.75927615867, "count_datapoints": 12}, "@kalahiri": {"explained_variance": 0.9909, "mean_squared_log_error": 0.0912, "r2": 0.9900577449080238, "MAE": 14459.583333333334, "MSE": 395388691.75, "RMSE": 19884.38311213099, "count_datapoints": 12}, "@yorickb": {"explained_variance": 0.9841, "mean_squared_log_error": 0.0076, "r2": 0.980001767486583, "MAE": 15653.0, "MSE": 795299951.3333334, "RMSE": 28201.062946870166, "count_datapoints": 12}}}