{"people_fully_vaccinated": {"ensemble": {"explained_variance": 0.9963, "mean_squared_log_error": 0.0158, "r2": 0.9952883920391602, "MAE": 23099.666666666668, "MSE": 1495347096.2222223, "RMSE": 38669.71807787357, "count_datapoints": 18}, "@covid_nl": {"explained_variance": 0.9942, "mean_squared_log_error": 0.0253, "r2": 0.9935713228230749, "MAE": 28780.944444444445, "MSE": 2040302128.0555556, "RMSE": 45169.70365250978, "count_datapoints": 18}, "@kalahiri": {"explained_variance": 0.9933, "mean_squared_log_error": 0.062, "r2": 0.992042193700446, "MAE": 27931.666666666668, "MSE": 2525609652.0, "RMSE": 50255.444003610195, "count_datapoints": 18}, "@yorickb": {"explained_variance": 0.9958, "mean_squared_log_error": 0.0057, "r2": 0.9946686565417778, "MAE": 27388.277777777777, "MSE": 1692035718.0555556, "RMSE": 41134.361767937466, "count_datapoints": 18}}}