model,explained_variance,mean_squared_log_error,r2,MAE,MSE,RMSE,count_datapoints
ensemble,0.9946,0.0153,0.9932042419502244,31299.105263157893,3270804226.263158,57190.94531709681,19.0
@covid_nl,0.9941,0.0243,0.9931470792706658,35743.36842105263,3298316673.368421,57430.973118765985,19.0
@kalahiri,0.9939,0.059,0.9924174253888497,34594.73684210526,3649499717.6842103,60411.08936018461,19.0
@yorickb,0.9916,0.006,0.9897324012218106,37579.78947368421,4941804171.263158,70297.96704929067,19.0
