{"people_fully_vaccinated": {"ensemble": {"explained_variance": 0.9964, "mean_squared_log_error": 0.0494, "r2": 0.9905069931663144, "MAE": 398053.61363636365, "MSE": 246618719564.6591, "RMSE": 496607.20853070496, "count_datapoints": 44}, "@covid_nl": {"explained_variance": 0.994, "mean_squared_log_error": 0.0381, "r2": 0.9853593689957392, "MAE": 485507.5909090909, "MSE": 380348790972.86365, "RMSE": 616724.2422451575, "count_datapoints": 44}, "@kalahiri": {"explained_variance": 0.9957, "mean_squared_log_error": 0.068, "r2": 0.9927014900531764, "MAE": 290029.14634146343, "MSE": 182483987836.60974, "RMSE": 427181.4460350657, "count_datapoints": 41}, "@yorickb": {"explained_variance": 0.9961, "mean_squared_log_error": 0.0585, "r2": 0.9902240698764168, "MAE": 382233.4054054054, "MSE": 230536280291.78378, "RMSE": 480141.9376515488, "count_datapoints": 37}}}