model,explained_variance,mean_squared_log_error,r2,MAE,MSE,RMSE,count_datapoints
ensemble,0.9965,0.2785,0.9965061551996497,83538.79166666667,16320778332.708334,127752.80166285331,24.0
@covid_nl,0.9935,0.2106,0.9934787802195766,111402.75,30462538715.083332,174535.20766619936,24.0
@kalahiri,0.9972,0.3323,0.9971612731482589,84712.66666666667,13260529400.083334,115154.37204067995,24.0
@yorickb,0.9964,0.279,0.9963716731080564,84025.33333333333,16948983800.333334,130188.26291311107,24.0
