{"people_fully_vaccinated": {"ensemble": {"explained_variance": 0.9972, "mean_squared_log_error": 0.2537, "r2": 0.9968167683704557, "MAE": 93804.57692307692, "MSE": 23009945983.115383, "RMSE": 151690.2962720931, "count_datapoints": 26}, "@covid_nl": {"explained_variance": 0.9935, "mean_squared_log_error": 0.1915, "r2": 0.9926892396652459, "MAE": 140598.84615384616, "MSE": 52845730369.38461, "RMSE": 229881.99226860856, "count_datapoints": 26}, "@kalahiri": {"explained_variance": 0.9971, "mean_squared_log_error": 0.3032, "r2": 0.9968303022309033, "MAE": 98826.92307692308, "MSE": 22912116659.307693, "RMSE": 151367.48877915525, "count_datapoints": 26}, "@yorickb": {"explained_variance": 0.9979, "mean_squared_log_error": 0.2542, "r2": 0.9976910259194622, "MAE": 78851.26923076923, "MSE": 16690387333.576923, "RMSE": 129191.28195655048, "count_datapoints": 26}}}