{"people_fully_vaccinated": {"ensemble": {"explained_variance": 0.9986, "mean_squared_log_error": 0.2206, "r2": 0.9982667313238057, "MAE": 99915.53333333334, "MSE": 22753817530.2, "RMSE": 150843.68574852578, "count_datapoints": 30}, "@covid_nl": {"explained_variance": 0.9959, "mean_squared_log_error": 0.1669, "r2": 0.9948414473967314, "MAE": 174980.66666666666, "MSE": 67719890324.46667, "RMSE": 260230.4561815674, "count_datapoints": 30}, "@kalahiri": {"explained_variance": 0.9986, "mean_squared_log_error": 0.2635, "r2": 0.9984441102560294, "MAE": 94087.23333333334, "MSE": 20425241520.633335, "RMSE": 142916.9042508035, "count_datapoints": 30}, "@yorickb": {"explained_variance": 0.9986, "mean_squared_log_error": 0.2287, "r2": 0.9984851715452345, "MAE": 82099.62068965517, "MSE": 17661562049.13793, "RMSE": 132896.80977787965, "count_datapoints": 29}}}