{"people_fully_vaccinated": {"ensemble": {"explained_variance": 0.9958, "mean_squared_log_error": 0.3039, "r2": 0.9954933029077118, "MAE": 71075.72727272728, "MSE": 13369196814.363636, "RMSE": 115625.24298077663, "count_datapoints": 22}, "@covid_nl": {"explained_variance": 0.9922, "mean_squared_log_error": 0.2297, "r2": 0.9916836893609858, "MAE": 94297.81818181818, "MSE": 24670482933.636364, "RMSE": 157068.40208532193, "count_datapoints": 22}, "@kalahiri": {"explained_variance": 0.996, "mean_squared_log_error": 0.3626, "r2": 0.9959915771964716, "MAE": 82035.68181818182, "MSE": 11891057303.863636, "RMSE": 109046.12466228975, "count_datapoints": 22}, "@yorickb": {"explained_variance": 0.9956, "mean_squared_log_error": 0.3045, "r2": 0.9951650897375228, "MAE": 72723.40909090909, "MSE": 14342847001.954546, "RMSE": 119761.62574862846, "count_datapoints": 22}}}