model,explained_variance,mean_squared_log_error,r2,MAE,MSE,RMSE,count_datapoints
ensemble,0.9988,0.2135,0.9984676457127538,99007.90322580645,22191429391.64516,148967.88040260613,31.0
@covid_nl,0.9964,0.1615,0.9953852736289731,175777.7741935484,66830089671.0,258515.1633289622,31.0
@kalahiri,0.9988,0.255,0.9986346948141521,91322.19354838709,19772237975.225807,140613.79013178547,31.0
@yorickb,0.9988,0.221,0.9987092853357791,79592.76666666666,17076663288.166666,130677.70769403123,30.0
