{"people_fully_vaccinated": {"ensemble": {"explained_variance": 0.996, "mean_squared_log_error": 0.0198, "r2": 0.9951742212329757, "MAE": 11161.857142857143, "MSE": 342649185.28571427, "RMSE": 18510.78564744658, "count_datapoints": 14}, "@covid_nl": {"explained_variance": 0.9936, "mean_squared_log_error": 0.0318, "r2": 0.9928789653671094, "MAE": 15899.357142857143, "MSE": 505621337.64285713, "RMSE": 22486.025385622448, "count_datapoints": 14}, "@kalahiri": {"explained_variance": 0.9952, "mean_squared_log_error": 0.0782, "r2": 0.9950292382847611, "MAE": 13788.07142857143, "MSE": 352943542.21428573, "RMSE": 18786.791695611195, "count_datapoints": 14}, "@yorickb": {"explained_variance": 0.9917, "mean_squared_log_error": 0.0066, "r2": 0.9896917508080894, "MAE": 15937.5, "MSE": 731926049.2142857, "RMSE": 27054.13183257385, "count_datapoints": 14}}}