{"people_fully_vaccinated": {"ensemble": {"explained_variance": 0.9989, "mean_squared_log_error": 0.1838, "r2": 0.998886553976417, "MAE": 101756.27777777778, "MSE": 21564997093.944443, "RMSE": 146850.25397984317, "count_datapoints": 36}, "@covid_nl": {"explained_variance": 0.9977, "mean_squared_log_error": 0.139, "r2": 0.9971449413694908, "MAE": 156249.69444444444, "MSE": 55296197360.19444, "RMSE": 235151.434952446, "count_datapoints": 36}, "@kalahiri": {"explained_variance": 0.9972, "mean_squared_log_error": 0.2199, "r2": 0.997186914475993, "MAE": 135897.80555555556, "MSE": 54483270733.69444, "RMSE": 233416.51769678693, "count_datapoints": 36}, "@yorickb": {"explained_variance": 0.9991, "mean_squared_log_error": 0.2009, "r2": 0.9990929926711205, "MAE": 73342.9696969697, "MSE": 15589882717.030304, "RMSE": 124859.45185299471, "count_datapoints": 33}}}