{"people_fully_vaccinated": {"ensemble": {"explained_variance": 0.9989, "mean_squared_log_error": 0.2068, "r2": 0.9986242220415528, "MAE": 97878.34375, "MSE": 21621072263.59375, "RMSE": 147041.0563876421, "count_datapoints": 32}, "@covid_nl": {"explained_variance": 0.9968, "mean_squared_log_error": 0.1564, "r2": 0.9958461223527887, "MAE": 174385.09375, "MSE": 65280366088.90625, "RMSE": 255500.22717975467, "count_datapoints": 32}, "@kalahiri": {"explained_variance": 0.9989, "mean_squared_log_error": 0.2471, "r2": 0.9987811047534926, "MAE": 88650.03125, "MSE": 19155578154.65625, "RMSE": 138403.6782555155, "count_datapoints": 32}, "@yorickb": {"explained_variance": 0.9988, "mean_squared_log_error": 0.221, "r2": 0.9987094275443877, "MAE": 79594.8, "MSE": 17074882745.6, "RMSE": 130670.89479145691, "count_datapoints": 30}}}