model,explained_variance,mean_squared_log_error,r2,MAE,MSE,RMSE,count_datapoints
ensemble,0.9914,0.2925,0.9907465290840817,73803.9,14367010590.4,119862.46531087202,20.0
@covid_nl,0.9843,0.2527,0.983067509683705,96296.95,26289515567.35,162140.41928942333,20.0
@kalahiri,0.9941,0.3989,0.993882985710243,72592.55,9497323748.15,97454.21359874595,20.0
@yorickb,0.9908,0.1959,0.9899958769368985,76301.55,15532478926.15,124629.36622702533,20.0
