{"people_fully_vaccinated": {"ensemble": {"explained_variance": 0.9981, "mean_squared_log_error": 0.2364, "r2": 0.9977420319215504, "MAE": 96222.89285714286, "MSE": 22734043099.75, "RMSE": 150778.12540202905, "count_datapoints": 28}, "@covid_nl": {"explained_variance": 0.9949, "mean_squared_log_error": 0.1787, "r2": 0.9939280727229901, "MAE": 160069.17857142858, "MSE": 61134370202.82143, "RMSE": 247253.6555904107, "count_datapoints": 28}, "@kalahiri": {"explained_variance": 0.9981, "mean_squared_log_error": 0.2824, "r2": 0.9978318271035539, "MAE": 99164.07142857143, "MSE": 21829952578.142857, "RMSE": 147749.62801355156, "count_datapoints": 28}, "@yorickb": {"explained_variance": 0.9983, "mean_squared_log_error": 0.2368, "r2": 0.998183370722536, "MAE": 84318.85714285714, "MSE": 18290483680.57143, "RMSE": 135242.3146820973, "count_datapoints": 28}}}