{"people_fully_vaccinated": {"ensemble": {"explained_variance": 0.9988, "mean_squared_log_error": 0.2135, "r2": 0.9984676552920739, "MAE": 99010.67741935483, "MSE": 22191402782.548386, "RMSE": 148967.7910910556, "count_datapoints": 31}, "@covid_nl": {"explained_variance": 0.9964, "mean_squared_log_error": 0.1615, "r2": 0.9953852004200693, "MAE": 175780.35483870967, "MSE": 66831487529.70968, "RMSE": 258517.8669448394, "count_datapoints": 31}, "@kalahiri": {"explained_variance": 0.9988, "mean_squared_log_error": 0.255, "r2": 0.9986346865047153, "MAE": 91326.3870967742, "MSE": 19772458208.387096, "RMSE": 140614.57324327054, "count_datapoints": 31}, "@yorickb": {"explained_variance": 0.9988, "mean_squared_log_error": 0.221, "r2": 0.9987094275443877, "MAE": 79594.8, "MSE": 17074882745.6, "RMSE": 130670.89479145691, "count_datapoints": 30}}}