model,weights
@covid_nl,0.33338960116154925
@kalahiri,0.33439936321434466
@yorickb,0.33221103562410614
