model,weights
@covid_nl,0.33327746116884566
@kalahiri,0.3327744992696148
@yorickb,0.3339480395615395
