model,weights
@covid_nl,0.33327706504613996
@kalahiri,0.3347983081811233
@yorickb,0.3319246267727367
