model,weights
@covid_nl,0.33423876585933276
@kalahiri,0.3359362717503208
@yorickb,0.32982496239034653
