model,weights
@covid_nl,0.333220948681475
@kalahiri,0.335415298902141
@yorickb,0.331363752416384
