model,weights
@covid_nl,0.3341730487065372
@kalahiri,0.33215776564987165
@yorickb,0.33366918564359116
