model,weights
@covid_nl,0.3333333708188513
@kalahiri,0.3328302964253548
@yorickb,0.33383633275579394
