model,weights
@covid_nl,0.3333893179921119
@kalahiri,0.3328861310288503
@yorickb,0.3337245509790378
